DataSavedTime,MilliSecond,Item001,Item002,Item003,Item004,Item005,Item006,Item007,Item008,Item009,Item010
2019-06-11 17:00:00.000,0,,,,,,,,,,
2019-06-11 17:01:00.000,0,,,,,,,,,,
2019-06-11 17:02:00.000,0,,,,,,,,,,
2019-06-11 17:03:00.000,0,,,,,,,,,,
2019-06-11 17:04:00.000,0,,,,,,,,,,
2019-06-11 17:05:00.000,0,,,,,,,,,,
2019-06-11 17:06:00.000,0,,,,,,,,,,
2019-06-11 17:07:00.000,0,,,,,,,,,,
2019-06-11 17:08:00.000,0,,,,,,,,,,
2019-06-11 17:09:00.000,0,,,,,,,,,,
2019-06-11 17:10:00.000,0,,,,,,,,,,
2019-06-11 17:11:00.000,0,,,,,,,,,,
2019-06-11 17:12:00.000,0,,,,,,,,,,
2019-06-11 17:13:00.000,0,,,,,,,,,,
2019-06-11 17:14:00.000,0,,,,,,,,,,
2019-06-11 17:15:00.000,0,,,,,,,,,,
2019-06-11 17:16:00.000,0,,,,,,,,,,
2019-06-11 17:17:00.000,0,,,,,,,,,,
2019-06-11 17:18:00.000,0,,,,,,,,,,
2019-06-11 17:19:00.000,0,,,,,,,,,,
2019-06-11 17:20:00.000,0,,,,3.06,2.99,3.05,,,,
2019-06-11 17:21:00.000,0,2.81,2.81,2.94,2.97,2.92,2.97,,,,
2019-06-11 17:22:00.000,0,2.92,3.01,2.73,2.9,2.88,2.91,,,,
2019-06-11 17:23:00.000,0,3.01,2.91,2.98,2.9,2.88,2.94,,,,
2019-06-11 17:24:00.000,0,3.01,2.98,3,2.93,2.88,2.91,,,,
2019-06-11 17:25:00.000,0,2.77,2.75,2.91,2.91,2.86,2.91,,,,
2019-06-11 17:26:00.000,0,2.95,2.93,3,2.93,2.87,2.91,,,,
2019-06-11 17:27:00.000,0,2.78,2.96,2.89,2.91,2.9,2.91,,,,
2019-06-11 17:28:00.000,0,2.78,2.71,2.74,2.97,2.88,2.97,,,,
2019-06-11 17:29:00.000,0,3.03,2.86,3.04,2.91,2.87,2.95,,,,
2019-06-11 17:30:00.000,0,2.97,2.74,2.95,2.95,2.9,2.94,,,,
2019-06-11 17:31:00.000,0,2.9,2.71,2.9,2.9,2.9,2.91,,,,
2019-06-11 17:32:00.000,0,3.03,2.94,2.91,2.91,2.86,2.9,,,,
2019-06-11 17:33:00.000,0,2.97,2.88,2.8,2.92,2.85,2.9,,,,
2019-06-11 17:34:00.000,0,2.78,2.85,2.98,2.88,2.86,2.88,,,,
2019-06-11 17:35:00.000,0,2.85,2.76,3.02,2.91,2.87,2.9,,,,
2019-06-11 17:36:00.000,0,2.79,2.93,2.86,2.89,2.87,2.89,,,,
2019-06-11 17:37:00.000,0,2.81,2.94,3,2.9,2.85,2.9,,,,
2019-06-11 17:38:00.000,0,3.06,2.92,2.78,2.88,2.84,2.88,,,,
2019-06-11 17:39:00.000,0,2.79,2.78,2.83,2.89,2.86,2.9,,,,
2019-06-11 17:40:00.000,0,2.92,2.93,3.05,2.93,2.88,2.9,,,,
2019-06-11 17:41:00.000,0,2.87,2.86,2.91,2.91,2.9,2.94,,,,
2019-06-11 17:42:00.000,0,2.83,2.74,2.82,2.91,2.88,2.94,,,,
2019-06-11 17:43:00.000,0,2.78,2.91,3.08,2.95,2.86,2.95,,,,
2019-06-11 17:44:00.000,0,2.78,2.88,2.9,2.95,2.86,2.95,,,,
2019-06-11 17:45:00.000,0,3,2.82,2.83,2.93,2.91,2.94,,,,
2019-06-11 17:46:00.000,0,2.76,2.88,2.76,2.91,2.92,2.91,,,,
2019-06-11 17:47:00.000,0,3.16,2.94,3,2.92,2.88,2.94,,,,
2019-06-11 17:48:00.000,0,2.72,2.66,2.99,2.95,2.88,2.97,,,,
2019-06-11 17:49:00.000,0,2.89,2.76,2.83,2.96,2.88,2.95,,,,
2019-06-11 17:50:00.000,0,2.89,2.73,3,2.93,2.9,2.93,,,,
2019-06-11 17:51:00.000,0,2.82,2.92,2.72,2.92,2.92,2.94,,,,
2019-06-11 17:52:00.000,0,2.81,2.78,3,2.92,2.88,2.97,,,,
2019-06-11 17:53:00.000,0,2.86,2.82,2.98,2.92,2.88,2.94,,,,
2019-06-11 17:54:00.000,0,2.91,2.76,3.03,2.92,2.9,2.94,,,,
2019-06-11 17:55:00.000,0,2.87,2.82,2.75,2.96,2.92,2.97,,,,
2019-06-11 17:56:00.000,0,2.93,2.86,2.71,2.97,2.93,2.95,,,,
2019-06-11 17:57:00.000,0,2.79,2.91,2.89,2.96,2.9,2.96,,,,
2019-06-11 17:58:00.000,0,2.73,2.74,2.75,2.96,2.88,2.98,,,,
2019-06-11 17:59:00.000,0,3.03,2.91,3.04,2.97,2.93,2.95,,,,
2019-06-11 18:00:00.000,0,3.05,2.68,2.85,2.96,2.93,2.98,,,,
2019-06-11 18:01:00.000,0,3,2.68,3.03,2.96,2.9,2.95,,,,
2019-06-11 18:02:00.000,0,3.01,2.68,2.95,2.93,2.91,2.95,,,,
2019-06-11 18:03:00.000,0,3.03,2.91,2.99,2.93,2.94,2.97,,,,
2019-06-11 18:04:00.000,0,2.78,2.88,2.98,2.95,2.92,2.94,,,,
2019-06-11 18:05:00.000,0,2.75,2.89,2.79,2.93,2.9,2.97,,,,
2019-06-11 18:06:00.000,0,2.92,2.92,2.93,2.93,2.91,2.95,,,,
2019-06-11 18:07:00.000,0,2.99,2.76,2.93,2.93,2.93,2.95,,,,
2019-06-11 18:08:00.000,0,3.02,2.91,2.75,2.93,2.9,2.96,,,,
2019-06-11 18:09:00.000,0,2.81,2.96,2.99,2.95,2.9,2.93,,,,
2019-06-11 18:10:00.000,0,2.81,2.7,2.89,2.93,2.91,2.97,,,,
2019-06-11 18:11:00.000,0,2.81,2.77,2.84,2.95,2.92,2.94,,,,
2019-06-11 18:12:00.000,0,2.85,2.76,3.02,2.96,2.92,2.96,,,,
2019-06-11 18:13:00.000,0,2.79,2.76,2.84,2.95,2.88,2.94,,,,
2019-06-11 18:14:00.000,0,2.95,2.65,3.03,2.96,2.91,2.94,,,,
2019-06-11 18:15:00.000,0,2.73,2.65,2.78,2.97,2.92,2.95,,,,
2019-06-11 18:16:00.000,0,2.75,2.7,2.78,2.96,2.9,2.93,,,,
2019-06-11 18:17:00.000,0,3,2.76,2.72,2.96,2.88,2.96,,,,
2019-06-11 18:18:00.000,0,2.98,2.78,2.78,2.95,2.93,2.95,,,,
2019-06-11 18:19:00.000,0,2.86,2.91,3.06,2.95,2.92,2.95,,,,
2019-06-11 18:20:00.000,0,2.97,2.67,2.91,2.93,2.9,2.93,,,,
2019-06-11 18:21:00.000,0,2.89,2.88,2.93,2.89,2.86,2.95,,,,
2019-06-11 18:22:00.000,0,2.97,2.86,3.04,2.91,2.86,2.9,,,,
2019-06-11 18:23:00.000,0,3.03,2.85,2.69,2.89,2.87,2.93,,,,
2019-06-11 18:24:00.000,0,2.9,2.91,2.86,2.9,2.88,2.91,,,,
2019-06-11 18:25:00.000,0,2.91,2.87,2.85,2.91,2.88,2.89,,,,
2019-06-11 18:26:00.000,0,2.95,2.64,2.76,2.9,2.87,2.94,,,,
2019-06-11 18:27:00.000,0,2.89,2.66,2.81,2.91,2.86,2.89,,,,
2019-06-11 18:28:00.000,0,2.98,2.84,2.84,2.92,2.87,2.94,,,,
2019-06-11 18:29:00.000,0,2.93,2.84,2.86,2.91,2.86,2.89,,,,
2019-06-11 18:30:00.000,0,2.92,2.68,2.89,2.92,2.88,2.94,,,,
2019-06-11 18:31:00.000,0,2.86,2.7,2.96,2.92,2.9,2.9,,,,
2019-06-11 18:32:00.000,0,2.72,2.88,2.81,2.92,2.87,2.94,,,,
2019-06-11 18:33:00.000,0,2.77,2.78,2.78,2.91,2.85,2.89,,,,
2019-06-11 18:34:00.000,0,2.76,2.97,2.96,2.91,2.85,2.93,,,,
2019-06-11 18:35:00.000,0,3.05,2.68,2.75,2.89,2.87,2.9,,,,
2019-06-11 18:36:00.000,0,2.69,2.89,2.79,2.91,2.88,2.93,,,,
2019-06-11 18:37:00.000,0,3,2.67,2.73,2.91,2.91,2.93,,,,
2019-06-11 18:38:00.000,0,2.8,2.81,2.73,2.91,2.87,2.9,,,,
2019-06-11 18:39:00.000,0,2.72,2.92,2.91,2.92,2.88,2.93,,,,
2019-06-11 18:40:00.000,0,2.95,2.8,2.86,2.92,2.85,2.89,,,,
2019-06-11 18:41:00.000,0,2.88,2.91,2.76,2.95,2.86,2.94,,,,
2019-06-11 18:42:00.000,0,3.03,2.81,2.98,2.93,2.88,2.91,,,,
2019-06-11 18:43:00.000,0,3,2.74,3.04,2.91,2.9,2.95,,,,
2019-06-11 18:44:00.000,0,2.87,2.91,2.88,2.9,2.91,2.91,,,,
2019-06-11 18:45:00.000,0,2.79,2.86,2.72,2.92,2.9,2.94,,,,
2019-06-11 18:46:00.000,0,3.05,2.92,2.94,2.96,2.9,2.94,,,,
2019-06-11 18:47:00.000,0,2.78,2.84,2.74,2.93,2.85,2.9,,,,
2019-06-11 18:48:00.000,0,2.77,2.88,2.84,2.92,2.86,2.95,,,,
2019-06-11 18:49:00.000,0,2.91,2.82,3.03,2.92,2.87,2.91,,,,
2019-06-11 18:50:00.000,0,2.69,2.67,2.91,2.9,2.88,2.94,,,,
2019-06-11 18:51:00.000,0,2.97,2.92,2.85,2.91,2.91,2.95,,,,
2019-06-11 18:52:00.000,0,3.03,2.78,3.01,2.95,2.88,2.9,,,,
2019-06-11 18:53:00.000,0,3,2.73,2.8,2.93,2.86,2.94,,,,
2019-06-11 18:54:00.000,0,2.97,2.68,2.94,2.91,2.86,2.9,,,,
2019-06-11 18:55:00.000,0,2.75,2.82,2.82,2.92,2.9,2.91,,,,
2019-06-11 18:56:00.000,0,2.93,2.67,2.72,2.91,2.88,2.95,,,,
2019-06-11 18:57:00.000,0,3.01,2.72,2.81,2.91,2.86,2.88,,,,
2019-06-11 18:58:00.000,0,2.98,2.91,2.94,2.9,2.86,2.94,,,,
2019-06-11 18:59:00.000,0,2.81,2.75,2.99,2.9,2.88,2.89,,,,
2019-06-11 19:00:00.000,0,2.75,2.88,2.93,2.93,2.87,2.93,,,,
2019-06-11 19:01:00.000,0,2.91,2.93,2.93,2.92,2.88,2.89,,,,
2019-06-11 19:02:00.000,0,2.7,2.93,3.01,2.9,2.85,2.93,,,,
2019-06-11 19:03:00.000,0,2.96,2.85,2.98,2.91,2.86,2.9,,,,
2019-06-11 19:04:00.000,0,2.92,2.82,2.96,2.91,2.87,2.94,,,,
2019-06-11 19:05:00.000,0,3,2.96,3.06,2.89,2.88,2.89,,,,
2019-06-11 19:06:00.000,0,3.03,2.7,2.86,2.95,2.9,2.95,,,,
2019-06-11 19:07:00.000,0,2.99,2.71,3,2.96,2.92,2.97,,,,
2019-06-11 19:08:00.000,0,2.95,2.92,2.9,2.98,2.94,2.98,,,,
2019-06-11 19:09:00.000,0,2.99,2.72,2.88,2.97,2.92,2.96,,,,
2019-06-11 19:10:00.000,0,3.06,2.71,2.84,2.98,2.92,2.97,,,,
2019-06-11 19:11:00.000,0,2.8,2.88,2.89,2.95,2.91,2.96,,,,
2019-06-11 19:12:00.000,0,2.8,2.92,3.04,3,2.96,3.02,,,,
2019-06-11 19:13:00.000,0,2.85,2.95,2.82,3,2.93,2.99,,,,
2019-06-11 19:14:00.000,0,2.86,2.89,2.79,2.91,2.9,2.91,,,,
2019-06-11 19:15:00.000,0,2.87,2.77,2.91,2.97,2.92,3,,,,
2019-06-11 19:16:00.000,0,2.76,2.78,3.03,2.98,2.96,3.04,,,,
2019-06-11 19:17:00.000,0,3,2.78,2.82,2.96,2.94,2.98,,,,
2019-06-11 19:18:00.000,0,2.88,2.93,2.81,3,2.96,3.02,,,,
2019-06-11 19:19:00.000,0,2.9,2.73,2.79,3.01,2.95,2.99,,,,
2019-06-11 19:20:00.000,0,2.78,2.96,2.94,2.9,2.92,2.95,,,,
2019-06-11 19:21:00.000,0,2.92,2.98,3.04,2.96,2.93,2.98,,,,
2019-06-11 19:22:00.000,0,2.76,2.92,2.8,2.97,2.96,2.97,,,,
2019-06-11 19:23:00.000,0,3.01,2.86,2.84,2.99,2.93,2.96,,,,
2019-06-11 19:24:00.000,0,2.86,2.83,2.88,2.99,2.93,2.95,,,,
2019-06-11 19:25:00.000,0,3.02,2.77,2.85,2.95,2.92,2.98,,,,
2019-06-11 19:26:00.000,0,3,2.71,2.99,2.95,2.91,2.96,,,,
2019-06-11 19:27:00.000,0,3.05,2.92,2.99,3.02,2.98,3,,,,
2019-06-11 19:28:00.000,0,2.82,2.95,2.98,2.98,2.94,3.02,,,,
2019-06-11 19:29:00.000,0,3.12,2.96,2.8,2.97,2.94,2.96,,,,
2019-06-11 19:30:00.000,0,2.88,2.88,2.89,2.95,2.88,2.96,,,,
2019-06-11 19:31:00.000,0,2.78,2.98,2.74,2.99,2.93,2.97,,,,
2019-06-11 19:32:00.000,0,3.01,2.93,3.04,2.92,2.93,2.96,,,,
2019-06-11 19:33:00.000,0,2.93,2.71,2.86,2.95,2.88,2.95,,,,
2019-06-11 19:34:00.000,0,2.8,2.91,3.04,2.97,2.97,3.02,,,,
2019-06-11 19:35:00.000,0,2.82,2.8,3.05,2.95,2.91,2.99,,,,
2019-06-11 19:36:00.000,0,2.85,2.92,2.76,2.99,2.97,2.97,,,,
2019-06-11 19:37:00.000,0,3.08,2.87,2.75,2.98,2.91,2.95,,,,
2019-06-11 19:38:00.000,0,2.98,2.77,3.01,2.97,2.94,2.97,,,,
2019-06-11 19:39:00.000,0,2.97,3.01,2.96,2.98,2.94,2.98,,,,
2019-06-11 19:40:00.000,0,3.09,2.78,2.75,3,2.96,2.97,,,,
2019-06-11 19:41:00.000,0,3.01,2.95,3.04,3,2.95,2.98,,,,
2019-06-11 19:42:00.000,0,2.85,2.85,2.78,3.02,2.95,2.99,,,,
2019-06-11 19:43:00.000,0,3.07,2.85,2.84,2.99,2.96,3,,,,
2019-06-11 19:44:00.000,0,3.08,2.94,3.13,2.98,2.87,2.94,,,,
2019-06-11 19:45:00.000,0,3.13,2.91,2.82,3.02,2.97,3.02,,,,
2019-06-11 19:46:00.000,0,2.87,2.92,2.98,2.92,2.87,2.91,,,,
2019-06-11 19:47:00.000,0,2.98,2.92,3.03,3.01,2.93,2.94,,,,
2019-06-11 19:48:00.000,0,2.99,2.72,2.99,3,2.93,3.01,,,,
2019-06-11 19:49:00.000,0,2.89,2.92,3.06,2.99,2.95,2.99,,,,
2019-06-11 19:50:00.000,0,3.07,2.71,2.91,3.03,2.97,3.04,,,,
2019-06-11 19:51:00.000,0,3.02,2.72,3.03,3.01,2.98,3.01,,,,
2019-06-11 19:52:00.000,0,2.87,3.78,2.92,2.98,2.94,2.96,,,,
2019-06-11 19:53:00.000,0,2.89,2.94,2.98,3,2.95,3,,,,
2019-06-11 19:54:00.000,0,3.03,2.89,2.79,2.99,2.95,2.99,,,,
2019-06-11 19:55:00.000,0,3.01,2.82,2.85,2.95,2.87,2.93,,,,
2019-06-11 19:56:00.000,0,2.76,2.66,3.01,2.97,2.92,3.01,,,,
2019-06-11 19:57:00.000,0,2.99,2.8,2.83,2.95,2.91,,,,,
2019-06-11 19:58:00.000,0,2.86,2.99,3,2.81,2.81,2.85,,,,
2019-06-11 19:59:00.000,0,2.78,2.97,3.05,2.81,2.79,2.8,,,,
2019-06-11 20:00:00.000,0,2.87,2.88,2.95,2.83,2.75,2.84,,,,
2019-06-11 20:01:00.000,0,2.83,2.78,2.86,2.8,2.77,2.78,,,,
2019-06-11 20:02:00.000,0,3,2.73,2.91,2.99,2.95,2.97,,,,
2019-06-11 20:03:00.000,0,3.02,2.88,2.9,2.97,2.9,2.94,,,,
2019-06-11 20:04:00.000,0,2.96,2.8,3.02,2.97,2.95,2.99,,,,
2019-06-11 20:05:00.000,0,3.02,2.75,2.86,2.99,2.94,2.99,,,,
2019-06-11 20:06:00.000,0,3.06,2.78,3,3.01,2.94,2.97,,,,
2019-06-11 20:07:00.000,0,3.06,2.92,2.94,2.96,2.93,2.95,,,,
2019-06-11 20:08:00.000,0,2.89,2.89,2.92,2.93,2.88,2.93,,,,
2019-06-11 20:09:00.000,0,2.92,2.84,2.96,2.95,2.94,2.93,,,,
2019-06-11 20:10:00.000,0,3.11,2.95,2.89,2.96,2.88,2.96,,,,
2019-06-11 20:11:00.000,0,2.81,2.91,2.94,2.98,2.94,2.95,,,,
2019-06-11 20:12:00.000,0,3.09,2.71,2.82,2.92,2.9,2.91,,,,
2019-06-11 20:13:00.000,0,2.73,2.94,2.8,2.98,2.91,2.95,,,,
2019-06-11 20:14:00.000,0,2.81,2.96,2.73,2.93,2.92,2.98,,,,
2019-06-11 20:15:00.000,0,3.02,2.83,2.99,2.9,2.84,2.93,,,,
2019-06-11 20:16:00.000,0,2.96,2.71,2.99,2.89,2.84,2.88,,,,
2019-06-11 20:17:00.000,0,2.9,2.86,2.86,2.86,2.82,2.88,,,,
2019-06-11 20:18:00.000,0,2.85,2.82,2.83,2.87,2.84,2.89,,,,
2019-06-11 20:19:00.000,0,2.82,2.92,2.86,2.88,2.84,2.86,,,,
2019-06-11 20:20:00.000,0,2.88,2.92,2.79,2.87,2.83,2.86,,,,
2019-06-11 20:21:00.000,0,2.76,2.93,2.8,2.89,2.85,2.93,,,,
2019-06-11 20:22:00.000,0,2.91,2.87,3.06,2.88,2.85,2.9,,,,
2019-06-11 20:23:00.000,0,2.95,2.86,2.9,2.89,2.87,2.93,,,,
2019-06-11 20:24:00.000,0,3.01,2.68,2.75,2.92,2.85,2.93,,,,
2019-06-11 20:25:00.000,0,2.81,2.95,3.03,2.89,2.84,2.89,,,,
2019-06-11 20:26:00.000,0,2.96,2.81,2.84,2.87,2.88,2.89,,,,
2019-06-11 20:27:00.000,0,2.91,2.76,2.81,2.92,2.84,2.9,,,,
2019-06-11 20:28:00.000,0,3.01,2.92,2.78,2.91,2.85,2.94,,,,
2019-06-11 20:29:00.000,0,2.77,2.66,2.73,2.89,2.87,2.9,,,,
2019-06-11 20:30:00.000,0,3,2.85,3.08,2.93,2.87,2.91,,,,
2019-06-11 20:31:00.000,0,2.87,2.96,3.01,2.97,2.91,2.98,,,,
2019-06-11 20:32:00.000,0,3.08,2.78,2.83,2.95,2.9,2.91,,,,
2019-06-11 20:33:00.000,0,2.89,2.91,3.08,2.89,2.87,2.88,,,,
2019-06-11 20:34:00.000,0,2.95,2.73,3.02,2.9,2.86,2.89,,,,
2019-06-11 20:35:00.000,0,3.1,2.93,2.99,2.92,2.88,2.93,,,,
2019-06-11 20:36:00.000,0,2.77,2.73,2.92,2.89,2.86,2.91,,,,
2019-06-11 20:37:00.000,0,2.82,2.98,3.05,2.97,2.91,2.98,,,,
2019-06-11 20:38:00.000,0,2.9,2.72,2.92,2.93,2.92,2.97,,,,
2019-06-11 20:39:00.000,0,2.73,2.68,2.83,2.91,2.91,2.91,,,,
2019-06-11 20:40:00.000,0,2.97,2.89,2.99,2.98,2.88,2.95,,,,
2019-06-11 20:41:00.000,0,2.83,2.88,2.92,2.95,2.94,2.99,,,,
2019-06-11 20:42:00.000,0,3.08,2.74,3.02,2.97,2.93,2.98,,,,
2019-06-11 20:43:00.000,0,2.96,2.92,2.81,2.93,2.86,2.93,,,,
2019-06-11 20:44:00.000,0,2.92,2.93,2.95,2.9,2.88,2.95,,,,
2019-06-11 20:45:00.000,0,2.81,2.88,2.96,2.95,2.92,2.94,,,,
2019-06-11 20:46:00.000,0,2.78,2.8,3.03,2.98,2.91,2.95,,,,
2019-06-11 20:47:00.000,0,2.75,2.96,2.94,2.92,2.86,2.91,,,,
2019-06-11 20:48:00.000,0,2.97,2.91,2.98,2.91,2.88,2.91,,,,
2019-06-11 20:49:00.000,0,3.03,2.82,2.88,2.92,2.87,2.95,,,,
2019-06-11 20:50:00.000,0,2.96,2.89,1.85,2.96,2.9,2.96,,,,
2019-06-11 20:51:00.000,0,2.93,2.86,2.82,2.99,2.9,2.96,,,,
2019-06-11 20:52:00.000,0,2.95,2.94,2.86,2.95,2.92,2.95,,,,
2019-06-11 20:53:00.000,0,2.82,2.68,2.81,2.92,2.87,2.94,,,,
2019-06-11 20:54:00.000,0,2.77,2.71,2.76,2.97,2.88,2.99,,,,
2019-06-11 20:55:00.000,0,3,2.78,2.84,2.98,2.93,2.99,,,,
2019-06-11 20:56:00.000,0,3,2.81,2.82,3.07,2.9,2.98,,,,
2019-06-11 20:57:00.000,0,3.07,2.72,2.93,3.08,2.96,2.97,,,,
2019-06-11 20:58:00.000,0,,,,,,,,,,
2019-06-11 20:59:00.000,0,2.87,2.86,2.95,2.87,2.77,2.85,,,,
2019-06-11 21:00:00.000,0,2.72,2.71,3,2.81,2.76,2.81,,,,
2019-06-11 21:01:00.000,0,2.83,2.68,2.78,2.82,2.76,2.86,,,,
2019-06-11 21:02:00.000,0,2.87,2.68,2.95,2.99,2.92,2.97,,,,
2019-06-11 21:03:00.000,0,2.85,2.65,2.99,2.95,2.93,2.94,,,,
2019-06-11 21:04:00.000,0,2.69,2.72,2.99,2.97,2.96,2.97,,,,
2019-06-11 21:05:00.000,0,2.98,2.66,2.98,3.01,2.94,2.99,,,,
2019-06-11 21:06:00.000,0,2.87,2.7,2.76,2.98,2.95,2.96,,,,
2019-06-11 21:07:00.000,0,2.83,2.68,3,2.95,2.91,2.97,,,,
2019-06-11 21:08:00.000,0,2.89,2.92,2.98,3.01,2.96,2.99,,,,
2019-06-11 21:09:00.000,0,2.92,2.91,3,3.09,3.02,3.11,,,,
2019-06-11 21:10:00.000,0,2.81,2.81,3.03,3.09,3.02,3.08,,,,
2019-06-11 21:11:00.000,0,3.07,2.85,2.99,2.99,2.94,2.99,,,,
2019-06-11 21:12:00.000,0,2.92,2.82,2.78,2.99,2.96,3,,,,
2019-06-11 21:13:00.000,0,2.91,2.93,2.79,2.97,2.92,3,,,,
2019-06-11 21:14:00.000,0,3.06,2.95,3,2.95,2.91,2.98,,,,
2019-06-11 21:15:00.000,0,2.85,2.89,3.06,2.91,2.88,2.93,,,,
2019-06-11 21:16:00.000,0,2.95,2.8,3.04,3.06,2.98,3.07,,,,
2019-06-11 21:17:00.000,0,2.77,2.85,2.85,2.98,2.91,2.95,,,,
2019-06-11 21:18:00.000,0,3.01,2.74,2.78,2.93,2.91,2.95,,,,
2019-06-11 21:19:00.000,0,3.03,2.76,3.01,2.97,2.94,2.97,,,,
2019-06-11 21:20:00.000,0,2.78,2.73,2.81,2.95,2.88,2.97,,,,
2019-06-11 21:21:00.000,0,2.8,2.68,2.82,3.01,2.93,2.97,,,,
2019-06-11 21:22:00.000,0,2.97,2.95,3.02,3.03,2.97,3.01,,,,
2019-06-11 21:23:00.000,0,3.08,2.7,2.98,2.99,2.97,3.01,,,,
2019-06-11 21:24:00.000,0,2.88,2.75,2.96,2.96,2.92,2.98,,,,
2019-06-11 21:25:00.000,0,2.97,2.72,2.94,2.93,2.91,2.96,,,,
2019-06-11 21:26:00.000,0,2.82,2.83,2.76,2.98,2.95,2.98,,,,
2019-06-11 21:27:00.000,0,2.8,2.84,2.9,2.96,2.93,2.97,,,,
2019-06-11 21:28:00.000,0,3.06,2.74,3,3.01,2.98,3.01,,,,
2019-06-11 21:29:00.000,0,2.82,3.01,2.88,2.97,2.88,2.94,,,,
2019-06-11 21:30:00.000,0,3.07,2.8,2.72,2.96,2.93,2.98,,,,
2019-06-11 21:31:00.000,0,2.86,2.82,2.75,3,2.94,2.99,,,,
2019-06-11 21:32:00.000,0,2.97,2.76,2.91,2.96,2.9,2.98,,,,
2019-06-11 21:33:00.000,0,3.08,2.78,2.86,2.92,2.91,2.96,,,,
2019-06-11 21:34:00.000,0,2.79,2.89,2.79,2.99,2.94,2.97,,,,
2019-06-11 21:35:00.000,0,2.99,2.82,2.9,2.95,2.91,2.96,,,,
2019-06-11 21:36:00.000,0,2.99,2.74,2.98,3,2.92,2.99,,,,
2019-06-11 21:37:00.000,0,2.83,2.77,2.83,2.99,2.97,2.98,,,,
2019-06-11 21:38:00.000,0,2.85,2.84,2.9,2.96,2.9,2.93,,,,
2019-06-11 21:39:00.000,0,2.99,2.94,3.02,2.95,2.91,2.98,,,,
2019-06-11 21:40:00.000,0,3.03,2.83,2.91,2.99,2.95,3.01,,,,
2019-06-11 21:41:00.000,0,3.01,2.72,2.96,3.04,2.94,3,,,,
2019-06-11 21:42:00.000,0,3.01,2.97,3.03,3.02,2.98,3.01,,,,
2019-06-11 21:43:00.000,0,2.67,2.73,2.82,2.91,2.91,2.96,,,,
2019-06-11 21:44:00.000,0,2.96,2.78,2.85,2.96,2.92,,,,,
2019-06-11 21:45:00.000,0,2.89,2.66,2.8,3.03,3.01,3.58,,,,
2019-06-11 21:46:00.000,0,2.83,2.7,2.89,2.97,2.91,3,,,,
2019-06-11 21:47:00.000,0,2.79,2.83,3.01,2.96,2.93,2.99,,,,
2019-06-11 21:48:00.000,0,2.82,2.77,2.83,2.82,2.82,2.84,,,,
2019-06-11 21:49:00.000,0,3.03,2.83,2.94,2.81,2.77,2.77,,,,
2019-06-11 21:50:00.000,0,2.93,2.7,2.96,2.78,2.74,2.81,,,,
2019-06-11 21:51:00.000,0,2.83,2.78,2.96,2.83,2.79,2.84,,,,
2019-06-11 21:52:00.000,0,2.96,2.71,3.02,2.93,2.91,2.98,,,,
2019-06-11 21:53:00.000,0,2.77,2.88,2.98,2.98,2.95,2.95,,,,
2019-06-11 21:54:00.000,0,2.82,2.83,3.03,2.97,2.92,2.97,,,,
2019-06-11 21:55:00.000,0,2.69,2.88,3.04,2.99,2.92,2.95,,,,
2019-06-11 21:56:00.000,0,2.85,2.7,2.8,2.97,2.93,2.96,,,,
2019-06-11 21:57:00.000,0,2.92,2.95,3.02,2.95,2.92,2.98,,,,
2019-06-11 21:58:00.000,0,2.9,2.89,2.7,3.01,2.95,3.02,,,,
2019-06-11 21:59:00.000,0,2.75,2.85,2.96,2.99,2.92,2.99,,,,
2019-06-11 22:00:00.000,0,2.83,2.66,2.73,2.93,2.94,2.95,,,,
2019-06-11 22:01:00.000,0,2.89,2.88,2.99,2.99,2.95,3,,,,
2019-06-11 22:02:00.000,0,2.81,2.77,2.95,2.99,2.95,3.01,,,,
2019-06-11 22:03:00.000,0,2.81,2.72,2.99,2.89,2.85,2.87,,,,
2019-06-11 22:04:00.000,0,3.05,2.91,3.06,2.83,2.81,2.85,,,,
2019-06-11 22:05:00.000,0,2.77,2.97,2.78,2.85,2.81,2.84,,,,
2019-06-11 22:06:00.000,0,2.93,2.61,2.91,2.91,2.9,2.9,,,,
2019-06-11 22:07:00.000,0,3.03,2.8,2.89,2.99,2.96,3.01,,,,
2019-06-11 22:08:00.000,0,2.96,2.94,2.71,2.99,2.92,3,,,,
2019-06-11 22:09:00.000,0,2.91,2.75,2.82,3,2.95,3.01,,,,
2019-06-11 22:10:00.000,0,2.79,2.78,3.04,2.92,2.91,2.96,,,,
2019-06-11 22:11:00.000,0,3.03,2.94,2.95,2.96,2.92,2.97,,,,
2019-06-11 22:12:00.000,0,2.86,2.73,2.94,2.95,2.9,2.96,,,,
2019-06-11 22:13:00.000,0,2.86,2.81,2.98,2.99,2.93,2.98,,,,
2019-06-11 22:14:00.000,0,2.99,2.78,2.86,2.99,2.97,3,,,,
2019-06-11 22:15:00.000,0,2.78,2.73,2.9,2.95,2.91,2.91,,,,
2019-06-11 22:16:00.000,0,3.08,2.96,2.82,2.96,2.94,2.99,,,,
2019-06-11 22:17:00.000,0,2.98,2.8,2.85,2.96,2.9,2.96,,,,
2019-06-11 22:18:00.000,0,3.05,2.87,2.86,2.96,2.9,2.95,,,,
2019-06-11 22:19:00.000,0,3.06,2.89,2.98,2.98,2.96,3,,,,
2019-06-11 22:20:00.000,0,3,2.77,2.78,2.97,2.95,3,,,,
2019-06-11 22:21:00.000,0,2.89,2.72,2.78,2.97,2.9,2.96,,,,
2019-06-11 22:22:00.000,0,2.86,2.94,3.01,2.96,2.88,2.96,,,,
2019-06-11 22:23:00.000,0,2.89,2.94,3.08,3.01,2.94,2.98,,,,
2019-06-11 22:24:00.000,0,2.82,2.98,2.95,2.93,2.9,2.95,,,,
2019-06-11 22:25:00.000,0,2.98,2.89,2.75,2.96,2.93,2.95,,,,
2019-06-11 22:26:00.000,0,2.72,2.82,3.04,2.96,2.91,2.94,,,,
2019-06-11 22:27:00.000,0,2.88,2.66,2.94,2.97,2.94,2.99,,,,
2019-06-11 22:28:00.000,0,3.02,2.99,3.03,2.96,2.9,2.96,,,,
2019-06-11 22:29:00.000,0,2.96,2.82,2.98,2.97,2.92,2.95,,,,
2019-06-11 22:30:00.000,0,2.81,2.75,2.91,2.92,2.94,2.96,,,,
2019-06-11 22:31:00.000,0,2.97,2.76,2.78,2.9,2.85,2.95,,,,
2019-06-11 22:32:00.000,0,2.93,2.94,2.94,2.93,2.91,2.96,,,,
2019-06-11 22:33:00.000,0,2.89,2.99,2.74,2.97,2.9,2.99,,,,
2019-06-11 22:34:00.000,0,3,2.83,2.78,2.96,2.93,2.96,,,,
2019-06-11 22:35:00.000,0,2.79,2.67,2.93,2.96,2.9,2.94,,,,
2019-06-11 22:36:00.000,0,2.86,2.65,2.84,2.98,2.94,2.95,,,,
2019-06-11 22:37:00.000,0,3.07,2.88,3.04,2.87,2.86,2.86,,,,
2019-06-11 22:38:00.000,0,2.83,2.73,2.81,3.01,2.94,2.98,,,,
2019-06-11 22:39:00.000,0,2.89,2.94,2.99,2.92,2.87,2.93,,,,
2019-06-11 22:40:00.000,0,2.79,2.86,3.03,2.91,2.9,2.95,,,,
2019-06-11 22:41:00.000,0,2.97,2.86,3.01,3,2.95,2.97,,,,
2019-06-11 22:42:00.000,0,2.78,2.92,3.02,2.97,2.93,2.97,,,,
2019-06-11 22:43:00.000,0,3.01,2.83,3,2.93,2.91,2.97,,,,
2019-06-11 22:44:00.000,0,2.78,2.87,2.88,2.99,2.93,2.98,,,,
2019-06-11 22:45:00.000,0,2.98,2.95,3.03,2.96,2.94,2.96,,,,
2019-06-11 22:46:00.000,0,2.95,2.76,2.9,2.99,2.93,3,,,,
2019-06-11 22:47:00.000,0,2.85,2.93,2.99,2.97,2.91,2.95,,,,
2019-06-11 22:48:00.000,0,2.82,2.86,2.85,2.97,2.97,2.99,,,,
2019-06-11 22:49:00.000,0,2.75,2.93,3.01,2.99,2.95,2.99,,,,
2019-06-11 22:50:00.000,0,2.97,2.94,2.92,2.99,2.95,2.96,,,,
2019-06-11 22:51:00.000,0,2.92,2.94,2.88,2.97,2.93,2.97,,,,
2019-06-11 22:52:00.000,0,3.01,2.87,3.04,2.97,2.9,2.95,,,,
2019-06-11 22:53:00.000,0,2.83,2.89,2.83,2.96,2.92,2.94,,,,
2019-06-11 22:54:00.000,0,3.06,2.76,2.92,2.95,2.9,2.98,,,,
2019-06-11 22:55:00.000,0,2.92,2.8,2.81,3.01,2.95,2.99,,,,
2019-06-11 22:56:00.000,0,3.03,2.71,3.02,2.92,2.9,2.91,,,,
2019-06-11 22:57:00.000,0,3.05,2.8,2.96,2.91,2.9,2.94,,,,
2019-06-11 22:58:00.000,0,3.01,2.76,3.03,2.96,2.9,2.98,,,,
2019-06-11 22:59:00.000,0,2.78,2.92,2.8,2.96,2.93,2.94,,,,
2019-06-11 23:00:00.000,0,2.8,2.93,2.88,2.96,2.9,2.95,,,,
2019-06-11 23:01:00.000,0,2.93,2.95,3.01,2.92,2.93,3,,,,
2019-06-11 23:02:00.000,0,2.88,2.93,2.81,2.97,2.93,2.96,,,,
2019-06-11 23:03:00.000,0,3.01,2.68,2.94,2.92,2.91,2.94,,,,
2019-06-11 23:04:00.000,0,3.08,2.82,3.11,2.96,2.93,2.95,,,,
2019-06-11 23:05:00.000,0,3.05,2.97,2.99,2.96,2.92,2.98,,,,
2019-06-11 23:06:00.000,0,3.07,2.91,2.89,2.95,2.88,2.95,,,,
2019-06-11 23:07:00.000,0,2.71,2.81,2.92,2.98,2.84,2.97,,,,
2019-06-11 23:08:00.000,0,2.83,2.76,2.95,2.91,2.85,2.9,,,,
2019-06-11 23:09:00.000,0,2.79,2.83,2.81,2.9,2.86,2.94,,,,
2019-06-11 23:10:00.000,0,2.93,2.98,3.06,2.95,2.9,2.95,,,,
2019-06-11 23:11:00.000,0,2.89,2.87,2.95,2.92,2.9,2.91,,,,
2019-06-11 23:12:00.000,0,3.02,2.97,2.96,2.93,2.92,2.96,,,,
2019-06-11 23:13:00.000,0,3.09,2.77,2.8,2.91,2.87,2.91,,,,
2019-06-11 23:14:00.000,0,3,2.91,2.84,3.01,2.93,3.02,,,,
2019-06-11 23:15:00.000,0,2.83,2.96,2.84,2.93,2.88,2.95,,,,
2019-06-11 23:16:00.000,0,3,2.7,2.82,2.96,2.92,2.95,,,,
2019-06-11 23:17:00.000,0,2.97,2.96,2.88,3.02,2.94,3,,,,
2019-06-11 23:18:00.000,0,2.92,2.87,2.93,2.95,2.91,2.93,,,,
2019-06-11 23:19:00.000,0,2.93,2.7,3.03,2.91,2.88,2.95,,,,
2019-06-11 23:20:00.000,0,2.91,2.93,3.04,2.97,2.92,2.9,,,,
2019-06-11 23:21:00.000,0,2.79,2.66,2.94,2.93,2.9,2.91,,,,
2019-06-11 23:22:00.000,0,2.95,2.72,2.78,2.92,2.9,2.91,,,,
2019-06-11 23:23:00.000,0,2.99,2.63,3.01,2.93,2.91,2.91,,,,
2019-06-11 23:24:00.000,0,2.81,2.78,2.91,2.93,2.92,2.96,,,,
2019-06-11 23:25:00.000,0,2.79,2.96,2.85,2.9,2.92,2.94,,,,
2019-06-11 23:26:00.000,0,2.97,2.81,2.9,2.95,2.92,2.93,,,,
2019-06-11 23:27:00.000,0,3.11,2.71,2.79,2.91,2.88,2.9,,,,
2019-06-11 23:28:00.000,0,2.96,2.95,3.08,2.93,2.93,2.94,,,,
2019-06-11 23:29:00.000,0,2.87,2.74,3.01,2.92,2.88,2.94,,,,
2019-06-11 23:30:00.000,0,3.01,2.92,2.95,2.92,2.88,2.89,,,,
2019-06-11 23:31:00.000,0,3.06,2.92,3.01,2.91,2.9,2.95,,,,
2019-06-11 23:32:00.000,0,2.83,2.82,2.88,2.9,2.91,2.95,,,,
2019-06-11 23:33:00.000,0,2.99,2.83,3.1,2.95,2.92,2.93,,,,
2019-06-11 23:34:00.000,0,2.77,2.83,2.79,2.95,2.92,2.93,,,,
2019-06-11 23:35:00.000,0,3.06,2.76,2.95,2.98,2.93,2.94,,,,
2019-06-11 23:36:00.000,0,3.02,2.77,3.01,2.87,2.87,2.88,,,,
2019-06-11 23:37:00.000,0,3.09,2.87,2.96,2.85,2.8,2.86,,,,
2019-06-11 23:38:00.000,0,2.79,2.8,2.98,2.81,2.77,2.8,,,,
2019-06-11 23:39:00.000,0,2.89,2.75,2.79,2.8,2.75,2.83,,,,
2019-06-11 23:40:00.000,0,2.72,2.71,2.8,2.88,2.86,2.89,,,,
2019-06-11 23:41:00.000,0,2.85,2.68,2.74,2.91,2.88,2.99,,,,
2019-06-11 23:42:00.000,0,2.75,2.78,2.93,2.93,2.9,2.93,,,,
2019-06-11 23:43:00.000,0,2.77,2.75,2.76,2.9,2.84,2.88,,,,
2019-06-11 23:44:00.000,0,2.81,2.8,2.95,2.98,2.91,2.98,,,,
2019-06-11 23:45:00.000,0,2.88,2.75,2.82,2.89,2.83,2.89,,,,
2019-06-11 23:46:00.000,0,3.02,2.88,3.05,2.83,2.79,2.84,,,,
2019-06-11 23:47:00.000,0,2.79,2.87,2.82,2.82,2.79,2.84,,,,
2019-06-11 23:48:00.000,0,3.02,2.88,2.8,2.81,2.79,2.83,,,,
2019-06-11 23:49:00.000,0,3.06,2.8,2.75,2.91,2.85,2.9,,,,
2019-06-11 23:50:00.000,0,2.98,2.71,2.81,2.97,2.91,2.95,,,,
2019-06-11 23:51:00.000,0,2.87,2.7,2.89,2.91,2.9,2.9,,,,
2019-06-11 23:52:00.000,0,2.95,2.93,2.96,2.91,2.87,2.93,,,,
2019-06-11 23:53:00.000,0,2.95,2.76,2.86,2.93,2.88,2.95,,,,
2019-06-11 23:54:00.000,0,2.96,2.87,3.02,2.88,2.84,2.9,,,,
2019-06-11 23:55:00.000,0,2.86,2.72,2.99,2.96,2.88,2.93,,,,
2019-06-11 23:56:00.000,0,2.87,2.78,2.79,2.92,2.88,2.97,,,,
2019-06-11 23:57:00.000,0,2.9,2.68,2.79,2.86,2.86,2.94,,,,
2019-06-11 23:58:00.000,0,2.93,2.8,2.89,2.91,2.85,2.88,,,,
2019-06-11 23:59:00.000,0,2.91,2.67,3.05,2.93,2.87,2.95,,,,
2019-06-12 00:00:00.000,0,2.78,2.81,2.9,2.99,2.92,2.94,,,,
2019-06-12 00:01:00.000,0,,,,,,,,,,
2019-06-12 00:02:00.000,0,,,,,,,,,,
2019-06-12 00:03:00.000,0,,,,,,,,,,
2019-06-12 00:04:00.000,0,,,,,,,,,,
2019-06-12 00:05:00.000,0,,,,,,,,,,
2019-06-12 00:06:00.000,0,,,,,,,,,,
2019-06-12 00:07:00.000,0,,,,,,,,,,
2019-06-12 00:08:00.000,0,,,,,,,,,,
2019-06-12 00:09:00.000,0,,,,,,,,,,
2019-06-12 00:10:00.000,0,,,,,,,,,,
2019-06-12 00:11:00.000,0,,,,,,,,,,
2019-06-12 00:12:00.000,0,,,,,,,,,,
2019-06-12 00:13:00.000,0,,,,,,,,,,
2019-06-12 00:14:00.000,0,,,,,,,,,,
2019-06-12 00:15:00.000,0,,,,,,,,,,
2019-06-12 00:16:00.000,0,,,,,,,,,,
2019-06-12 00:17:00.000,0,,,,,,,,,,
2019-06-12 00:18:00.000,0,,,,,,,,,,
2019-06-12 00:19:00.000,0,,,,,,,,,,
2019-06-12 00:20:00.000,0,,,,,,,,,,
2019-06-12 00:21:00.000,0,,,,,,,,,,
2019-06-12 00:22:00.000,0,,,,,,,,,,
2019-06-12 00:23:00.000,0,,,,,,,,,,
2019-06-12 00:24:00.000,0,,,,,,,,,,
2019-06-12 00:25:00.000,0,,,,,,,,,,
2019-06-12 00:26:00.000,0,,,,,,,,,,
2019-06-12 00:27:00.000,0,,,,,,,,,,
2019-06-12 00:28:00.000,0,,,,,,,,,,
2019-06-12 00:29:00.000,0,,,,,,,,,,
2019-06-12 00:30:00.000,0,,,,,,,,,,
2019-06-12 00:31:00.000,0,,,,,,,,,,
2019-06-12 00:32:00.000,0,,,,,,,,,,
2019-06-12 00:33:00.000,0,,,,,,,,,,
2019-06-12 00:34:00.000,0,,,,,,,,,,
2019-06-12 00:35:00.000,0,,,,,,,,,,
2019-06-12 00:36:00.000,0,,,,,,,,,,
2019-06-12 00:37:00.000,0,,,,,,,,,,
2019-06-12 00:38:00.000,0,,,,,,,,,,
2019-06-12 00:39:00.000,0,,,,,,,,,,
2019-06-12 00:40:00.000,0,,,,,,,,,,
2019-06-12 00:41:00.000,0,,,,,,,,,,
2019-06-12 00:42:00.000,0,,,,,,,,,,
2019-06-12 00:43:00.000,0,,,,,,,,,,
2019-06-12 00:44:00.000,0,,,,,,,,,,
2019-06-12 00:45:00.000,0,,,,,,,,,,
2019-06-12 00:46:00.000,0,,,,,,,,,,
2019-06-12 00:47:00.000,0,,,,,,,,,,
2019-06-12 00:48:00.000,0,,,,,,,,,,
2019-06-12 00:49:00.000,0,,,,,,,,,,
2019-06-12 00:50:00.000,0,,,,,,,,,,
2019-06-12 00:51:00.000,0,,,,,,,,,,
2019-06-12 00:52:00.000,0,,,,,,,,,,
2019-06-12 00:53:00.000,0,,,,,,,,,,
2019-06-12 00:54:00.000,0,,,,,,,,,,
2019-06-12 00:55:00.000,0,,,,,,,,,,
2019-06-12 00:56:00.000,0,3.05,2.84,3,2.82,2.81,2.86,,,,
2019-06-12 00:57:00.000,0,2.97,2.94,2.95,2.85,2.81,2.88,,,,
2019-06-12 00:58:00.000,0,2.99,2.73,2.81,2.87,2.81,2.85,,,,
2019-06-12 00:59:00.000,0,2.81,2.85,2.98,2.86,2.83,2.86,,,,
2019-06-12 01:00:00.000,0,3.03,2.96,2.9,2.88,2.82,2.86,,,,
2019-06-12 01:01:00.000,0,2.99,2.92,2.78,2.86,2.83,2.88,,,,
2019-06-12 01:02:00.000,0,3.01,2.89,2.81,2.83,2.81,2.85,,,,
2019-06-12 01:03:00.000,0,3.01,2.93,2.98,2.86,2.82,2.87,,,,
2019-06-12 01:04:00.000,0,2.95,2.68,2.75,2.81,2.79,2.81,,,,
2019-06-12 01:05:00.000,0,3,2.89,2.9,2.85,2.82,2.85,,,,
2019-06-12 01:06:00.000,0,3.03,2.92,3.03,2.86,2.84,2.87,,,,
2019-06-12 01:07:00.000,0,2.72,2.78,3,2.91,2.9,2.94,,,,
2019-06-12 01:08:00.000,0,2.83,2.91,2.98,2.83,2.84,2.89,,,,
2019-06-12 01:09:00.000,0,2.91,2.95,3.05,2.89,2.83,2.91,,,,
2019-06-12 01:10:00.000,0,2.98,2.82,2.75,2.86,2.82,2.86,,,,
2019-06-12 01:11:00.000,0,2.96,2.77,3.04,2.87,2.83,2.89,,,,
2019-06-12 01:12:00.000,0,2.91,2.75,2.81,2.82,2.8,2.9,,,,
2019-06-12 01:13:00.000,0,2.76,2.81,2.8,2.92,2.84,2.89,,,,
2019-06-12 01:14:00.000,0,3.05,2.97,2.73,2.93,2.86,2.91,,,,
2019-06-12 01:15:00.000,0,2.82,2.81,2.82,2.9,2.83,2.86,,,,
2019-06-12 01:16:00.000,0,3.07,2.92,3.01,2.92,2.87,2.86,,,,
2019-06-12 01:17:00.000,0,2.97,2.96,2.99,2.87,2.86,2.9,,,,
2019-06-12 01:18:00.000,0,2.78,2.7,2.83,2.86,2.82,2.86,,,,
2019-06-12 01:19:00.000,0,2.75,2.98,2.85,2.91,2.87,2.89,,,,
2019-06-12 01:20:00.000,0,2.87,2.95,2.89,2.86,2.81,2.83,,,,
2019-06-12 01:21:00.000,0,2.93,2.95,2.86,2.86,2.81,2.85,,,,
2019-06-12 01:22:00.000,0,2.79,2.71,2.82,2.87,2.82,2.89,,,,
2019-06-12 01:23:00.000,0,2.79,2.81,2.78,2.89,2.84,2.91,,,,
2019-06-12 01:24:00.000,0,2.91,2.75,2.98,2.89,2.86,2.88,,,,
2019-06-12 01:25:00.000,0,2.98,2.74,2.76,2.88,2.86,2.89,,,,
2019-06-12 01:26:00.000,0,2.83,2.8,3.02,2.87,2.85,2.89,,,,
2019-06-12 01:27:00.000,0,2.89,2.88,2.91,2.86,2.82,2.89,,,,
2019-06-12 01:28:00.000,0,3.03,2.77,3.01,2.85,2.8,2.87,,,,
2019-06-12 01:29:00.000,0,2.98,2.67,2.96,2.83,2.84,2.88,,,,
2019-06-12 01:30:00.000,0,2.77,2.88,2.83,2.82,2.84,2.88,,,,
2019-06-12 01:31:00.000,0,2.87,2.7,2.74,2.87,2.86,2.91,,,,
2019-06-12 01:32:00.000,0,3.03,2.78,2.95,2.83,2.79,2.85,,,,
2019-06-12 01:33:00.000,0,2.87,2.95,2.78,2.88,2.82,2.89,,,,
2019-06-12 01:34:00.000,0,2.81,2.93,2.79,2.91,2.84,2.89,,,,
2019-06-12 01:35:00.000,0,3.07,2.74,2.96,2.78,2.71,2.76,,,,
2019-06-12 01:36:00.000,0,3.02,2.97,3.08,2.72,2.71,2.75,,,,
2019-06-12 01:37:00.000,0,2.95,2.8,2.72,2.75,2.69,2.73,,,,
2019-06-12 01:38:00.000,0,2.8,2.66,2.82,2.72,2.7,2.76,,,,
2019-06-12 01:39:00.000,0,2.87,2.87,2.81,2.89,2.8,2.88,,,,
2019-06-12 01:40:00.000,0,2.91,2.89,2.83,2.93,2.87,2.94,,,,
2019-06-12 01:41:00.000,0,2.83,2.86,3.28,2.93,2.9,2.93,,,,
2019-06-12 01:42:00.000,0,2.83,2.78,2.88,2.86,2.8,2.87,,,,
2019-06-12 01:43:00.000,0,2.98,2.94,3.02,2.89,2.83,2.87,,,,
2019-06-12 01:44:00.000,0,2.8,2.76,2.99,2.89,2.87,2.9,,,,
2019-06-12 01:45:00.000,0,3,2.89,2.91,2.85,2.79,2.84,,,,
2019-06-12 01:46:00.000,0,2.87,2.82,2.89,2.89,2.82,2.89,,,,
2019-06-12 01:47:00.000,0,2.99,2.93,3.05,2.87,2.81,2.88,,,,
2019-06-12 01:48:00.000,0,2.8,2.98,2.73,2.87,2.84,2.86,,,,
2019-06-12 01:49:00.000,0,2.99,2.88,3.1,2.89,2.88,2.89,,,,
2019-06-12 01:50:00.000,0,3.03,2.85,2.9,2.83,2.79,2.86,,,,
2019-06-12 01:51:00.000,0,2.95,2.86,2.79,2.86,2.8,2.86,,,,
2019-06-12 01:52:00.000,0,2.83,2.74,2.8,2.87,2.85,2.88,,,,
2019-06-12 01:53:00.000,0,3.02,2.93,3.15,2.86,2.82,2.87,,,,
2019-06-12 01:54:00.000,0,2.99,2.73,3.06,2.9,2.85,2.89,,,,
2019-06-12 01:55:00.000,0,2.97,2.71,2.72,2.87,2.84,2.91,,,,
2019-06-12 01:56:00.000,0,2.8,2.85,2.85,2.89,2.83,2.87,,,,
2019-06-12 01:57:00.000,0,2.92,2.92,2.72,2.86,2.8,2.86,,,,
2019-06-12 01:58:00.000,0,2.8,2.83,2.76,2.87,2.82,2.87,,,,
2019-06-12 01:59:00.000,0,2.89,2.88,2.94,2.9,2.86,2.9,,,,
2019-06-12 02:00:00.000,0,2.73,2.7,3,2.86,2.8,2.83,,,,
2019-06-12 02:01:00.000,0,2.79,2.84,3,2.89,2.82,2.9,,,,
2019-06-12 02:02:00.000,0,2.89,2.88,2.88,2.9,2.84,2.88,,,,
2019-06-12 02:03:00.000,0,2.73,2.7,3.01,2.82,2.77,2.81,,,,
2019-06-12 02:04:00.000,0,2.83,2.71,2.8,2.61,2.58,2.64,,,,
2019-06-12 02:05:00.000,0,2.75,2.8,2.79,2.66,2.62,2.65,,,,
2019-06-12 02:06:00.000,0,2.96,2.84,2.95,2.64,2.61,2.65,,,,
2019-06-12 02:07:00.000,0,2.85,2.88,2.95,2.7,2.7,2.74,,,,
2019-06-12 02:08:00.000,0,2.78,2.68,2.94,2.87,2.85,2.89,,,,
2019-06-12 02:09:00.000,0,3,2.73,2.88,2.83,2.83,2.87,,,,
2019-06-12 02:10:00.000,0,3.05,2.73,2.79,2.87,2.84,2.87,,,,
2019-06-12 02:11:00.000,0,3.05,2.91,2.78,2.88,2.84,2.87,,,,
2019-06-12 02:12:00.000,0,2.95,2.94,2.86,2.86,2.8,2.88,,,,
2019-06-12 02:13:00.000,0,3.03,2.94,2.95,2.88,2.83,2.87,,,,
2019-06-12 02:14:00.000,0,2.78,2.91,2.81,2.89,2.85,2.85,,,,
2019-06-12 02:15:00.000,0,2.98,2.75,2.84,2.86,2.84,2.9,,,,
2019-06-12 02:16:00.000,0,2.97,2.93,2.76,2.86,2.83,2.85,,,,
2019-06-12 02:17:00.000,0,2.88,2.71,2.74,2.88,2.84,2.9,,,,
2019-06-12 02:18:00.000,0,2.86,2.7,2.99,2.85,2.8,2.85,,,,
2019-06-12 02:19:00.000,0,3.01,2.8,2.95,2.86,2.85,2.85,,,,
2019-06-12 02:20:00.000,0,2.8,2.74,2.92,2.88,2.85,2.89,,,,
2019-06-12 02:21:00.000,0,3.02,2.81,2.85,2.87,2.83,2.87,,,,
2019-06-12 02:22:00.000,0,2.86,2.88,2.89,2.83,2.82,2.85,,,,
2019-06-12 02:23:00.000,0,2.79,2.87,3,2.85,2.85,2.86,,,,
2019-06-12 02:24:00.000,0,3.02,2.93,2.88,2.86,2.81,2.88,,,,
2019-06-12 02:25:00.000,0,2.97,2.87,3.05,2.88,2.83,2.89,,,,
2019-06-12 02:26:00.000,0,3,2.96,2.9,2.87,,2.88,,,,
2019-06-12 02:27:00.000,0,3.06,2.86,2.98,2.88,2.86,2.93,,,,
2019-06-12 02:28:00.000,0,2.92,2.91,2.88,2.86,2.85,2.89,,,,
2019-06-12 02:29:00.000,0,3.05,2.85,3.02,2.87,,2.84,,,,
2019-06-12 02:30:00.000,0,2.79,2.83,2.8,2.91,2.85,2.9,,,,
2019-06-12 02:31:00.000,0,3.01,2.89,2.93,2.88,2.84,2.88,,,,
2019-06-12 02:32:00.000,0,2.7,2.75,2.75,2.87,2.81,2.88,,,,
2019-06-12 02:33:00.000,0,2.98,2.94,2.96,2.86,2.83,2.88,,,,
2019-06-12 02:34:00.000,0,2.92,2.91,2.89,2.87,2.85,2.88,,,,
2019-06-12 02:35:00.000,0,3.03,2.87,3,2.92,2.88,2.94,,,,
2019-06-12 02:36:00.000,0,2.95,2.95,2.92,2.9,2.85,2.88,,,,
2019-06-12 02:37:00.000,0,2.88,2.67,2.79,2.91,2.87,2.88,,,,
2019-06-12 02:38:00.000,0,3,2.78,2.73,2.89,2.84,2.88,,,,
2019-06-12 02:39:00.000,0,2.82,2.83,2.79,2.9,2.86,2.93,,,,
2019-06-12 02:40:00.000,0,3.01,2.89,3.12,2.85,2.81,2.83,,,,
2019-06-12 02:41:00.000,0,2.88,2.88,2.81,2.9,2.83,2.88,,,,
2019-06-12 02:42:00.000,0,2.8,2.84,2.74,2.89,2.83,2.88,,,,
2019-06-12 02:43:00.000,0,3.01,2.92,2.83,2.9,2.83,2.87,,,,
2019-06-12 02:44:00.000,0,2.99,2.93,2.99,2.9,2.87,2.94,,,,
2019-06-12 02:45:00.000,0,2.9,2.75,2.71,2.87,2.86,2.86,,,,
2019-06-12 02:46:00.000,0,3.03,2.89,3.73,2.9,2.87,2.93,,,,
2019-06-12 02:47:00.000,0,2.98,2.99,2.91,2.86,2.8,2.88,,,,
2019-06-12 02:48:00.000,0,3.03,2.83,3.02,2.88,2.84,2.89,,,,
2019-06-12 02:49:00.000,0,2.92,3.04,3,2.87,2.86,2.91,,,,
2019-06-12 02:50:00.000,0,2.9,2.72,2.76,2.88,2.85,2.87,,,,
2019-06-12 02:51:00.000,0,3.08,2.95,2.85,2.9,2.88,2.93,,,,
2019-06-12 02:52:00.000,0,2.79,2.84,2.81,2.92,2.85,2.93,,,,
2019-06-12 02:53:00.000,0,2.73,2.7,2.92,2.93,2.84,2.89,,,,
2019-06-12 02:54:00.000,0,2.93,2.82,3.01,2.88,2.85,2.89,,,,
2019-06-12 02:55:00.000,0,2.92,2.74,2.99,2.89,2.85,2.93,,,,
2019-06-12 02:56:00.000,0,2.97,2.7,3.04,2.88,2.86,2.9,,,,
2019-06-12 02:57:00.000,0,2.98,3.02,2.72,2.88,2.83,2.9,,,,
2019-06-12 02:58:00.000,0,3.06,2.93,3.01,2.91,2.86,2.9,,,,
2019-06-12 02:59:00.000,0,2.95,2.83,2.9,2.9,2.87,2.93,,,,
2019-06-12 03:00:00.000,0,3.01,2.72,2.8,2.87,2.82,2.87,,,,
2019-06-12 03:01:00.000,0,3.08,2.88,2.86,2.91,2.85,2.89,,,,
2019-06-12 03:02:00.000,0,3,2.95,2.75,2.9,2.85,2.93,,,,
2019-06-12 03:03:00.000,0,3,2.91,2.74,2.9,2.84,2.89,,,,
2019-06-12 03:04:00.000,0,2.83,2.72,2.88,2.87,2.83,2.9,,,,
2019-06-12 03:05:00.000,0,2.83,2.73,2.96,2.88,2.85,2.89,,,,
2019-06-12 03:06:00.000,0,3.03,2.96,2.82,2.88,2.9,2.88,,,,
2019-06-12 03:07:00.000,0,3.01,2.77,2.91,2.86,2.83,2.9,,,,
2019-06-12 03:08:00.000,0,2.79,2.65,2.92,2.87,2.84,2.89,,,,
2019-06-12 03:09:00.000,0,3.01,2.94,3.02,2.9,2.85,2.89,,,,
2019-06-12 03:10:00.000,0,3.02,2.96,2.94,2.9,2.84,2.94,,,,
2019-06-12 03:11:00.000,0,3.09,2.94,2.73,2.89,2.85,2.88,,,,
2019-06-12 03:12:00.000,0,3.02,2.76,3.06,2.89,2.87,2.89,,,,
2019-06-12 03:13:00.000,0,2.82,2.86,2.78,2.9,2.84,2.91,,,,
2019-06-12 03:14:00.000,0,2.93,2.76,2.83,2.91,2.84,2.86,,,,
2019-06-12 03:15:00.000,0,2.95,2.81,2.8,2.91,2.83,2.88,,,,
2019-06-12 03:16:00.000,0,2.75,2.66,2.83,2.92,2.86,2.91,,,,
2019-06-12 03:17:00.000,0,2.82,2.76,2.72,2.91,2.87,2.91,,,,
2019-06-12 03:18:00.000,0,3.01,2.74,2.8,2.87,2.83,2.89,,,,
2019-06-12 03:19:00.000,0,3.06,2.87,2.75,2.88,2.83,2.86,,,,
2019-06-12 03:20:00.000,0,2.97,2.82,2.81,2.87,2.83,2.93,,,,
2019-06-12 03:21:00.000,0,2.96,2.75,2.94,2.89,2.87,2.9,,,,
2019-06-12 03:22:00.000,0,2.83,2.82,2.79,2.86,2.83,2.86,,,,
2019-06-12 03:23:00.000,0,3.05,2.93,3,2.91,2.86,2.89,,,,
2019-06-12 03:24:00.000,0,2.95,2.86,2.91,2.89,2.82,2.86,,,,
2019-06-12 03:25:00.000,0,3.05,2.96,3.06,2.89,2.85,2.91,,,,
2019-06-12 03:26:00.000,0,2.81,2.86,3.03,2.93,2.87,,,,,
2019-06-12 03:27:00.000,0,3.01,2.72,3,2.87,2.86,2.88,,,,
2019-06-12 03:28:00.000,0,3.01,2.93,2.92,2.9,2.86,2.88,,,,
2019-06-12 03:29:00.000,0,3.05,2.91,2.99,2.89,2.82,2.91,,,,
2019-06-12 03:30:00.000,0,2.76,2.77,2.94,2.86,2.86,2.88,,,,
2019-06-12 03:31:00.000,0,3.01,2.88,2.8,2.88,2.85,2.93,,,,
2019-06-12 03:32:00.000,0,2.92,2.93,2.96,2.86,2.83,2.87,,,,
2019-06-12 03:33:00.000,0,2.79,2.91,3.05,2.87,2.82,2.9,,,,
2019-06-12 03:34:00.000,0,2.9,2.93,2.99,2.91,2.87,2.89,,,,
2019-06-12 03:35:00.000,0,2.79,2.81,2.83,2.91,2.86,2.88,,,,
2019-06-12 03:36:00.000,0,3,2.73,2.82,2.93,2.88,2.93,,,,
2019-06-12 03:37:00.000,0,2.85,2.72,2.74,2.92,2.86,2.91,,,,
2019-06-12 03:38:00.000,0,3.06,2.88,2.98,2.87,2.81,2.85,,,,
2019-06-12 03:39:00.000,0,3.02,2.74,3.06,2.89,2.82,2.87,,,,
2019-06-12 03:40:00.000,0,2.88,2.89,2.76,2.81,2.76,2.81,,,,
2019-06-12 03:41:00.000,0,2.91,2.71,2.8,2.89,2.87,2.88,,,,
2019-06-12 03:42:00.000,0,2.95,2.71,3.04,2.86,2.85,2.87,,,,
2019-06-12 03:43:00.000,0,2.91,2.75,3.02,2.88,2.86,2.87,,,,
2019-06-12 03:44:00.000,0,3.01,2.86,3.03,2.88,2.83,2.88,,,,
2019-06-12 03:45:00.000,0,3,2.67,2.85,2.88,2.84,2.91,,,,
2019-06-12 03:46:00.000,0,2.83,2.86,3.03,2.89,2.84,2.88,,,,
2019-06-12 03:47:00.000,0,2.88,2.86,2.66,2.9,2.88,2.91,,,,
2019-06-12 03:48:00.000,0,2.86,2.78,2.93,2.92,2.92,2.95,,,,
2019-06-12 03:49:00.000,0,2.81,2.96,2.95,2.88,2.86,2.91,,,,
2019-06-12 03:50:00.000,0,2.83,2.97,2.96,2.93,2.92,2.97,,,,
2019-06-12 03:51:00.000,0,2.83,2.66,2.91,2.91,2.86,2.9,,,,
2019-06-12 03:52:00.000,0,2.8,2.94,3.04,2.9,2.84,2.89,,,,
2019-06-12 03:53:00.000,0,2.77,2.82,3,2.89,2.86,2.93,,,,
2019-06-12 03:54:00.000,0,2.96,2.98,2.99,2.9,2.86,2.89,,,,
2019-06-12 03:55:00.000,0,2.78,2.89,3.06,2.9,2.86,2.93,,,,
2019-06-12 03:56:00.000,0,3.03,2.94,2.93,2.92,2.91,2.91,,,,
2019-06-12 03:57:00.000,0,2.99,2.87,2.96,2.89,2.85,2.88,,,,
2019-06-12 03:58:00.000,0,3.02,2.94,3.01,2.95,2.9,2.95,,,,
2019-06-12 03:59:00.000,0,3.06,2.72,2.84,2.95,2.86,2.95,,,,
2019-06-12 04:00:00.000,0,3.08,2.86,2.99,2.91,2.85,2.89,,,,
2019-06-12 04:01:00.000,0,2.97,2.82,2.82,2.91,2.85,2.91,,,,
2019-06-12 04:02:00.000,0,2.69,2.81,2.82,2.91,2.88,2.9,,,,
2019-06-12 04:03:00.000,0,2.86,2.72,3.01,2.87,2.85,2.87,,,,
2019-06-12 04:04:00.000,0,2.93,2.84,2.95,2.91,2.86,2.89,,,,
2019-06-12 04:05:00.000,0,2.9,2.95,3,2.9,2.82,2.86,,,,
2019-06-12 04:06:00.000,0,2.78,2.8,2.84,2.95,2.84,2.89,,,,
2019-06-12 04:07:00.000,0,2.8,2.93,2.93,2.92,2.9,2.91,,,,
2019-06-12 04:08:00.000,0,3.05,2.85,2.76,2.92,2.9,2.94,,,,
2019-06-12 04:09:00.000,0,2.78,2.92,2.82,2.87,2.84,2.88,,,,
2019-06-12 04:10:00.000,0,2.86,3.02,2.72,2.92,2.86,2.95,,,,
2019-06-12 04:11:00.000,0,2.88,2.96,2.84,2.9,2.87,2.9,,,,
2019-06-12 04:12:00.000,0,3.03,2.95,3,2.92,2.91,2.94,,,,
2019-06-12 04:13:00.000,0,3,2.86,2.8,2.9,2.92,2.94,,,,
2019-06-12 04:14:00.000,0,2.95,2.8,2.74,2.92,2.88,2.91,,,,
2019-06-12 04:15:00.000,0,2.7,2.93,2.95,2.91,2.85,2.87,,,,
2019-06-12 04:16:00.000,0,2.92,2.74,3.01,2.93,2.86,2.91,,,,
2019-06-12 04:17:00.000,0,2.97,2.92,3.04,2.9,2.91,2.88,,,,
2019-06-12 04:18:00.000,0,3.09,2.71,2.8,2.88,2.83,2.88,,,,
2019-06-12 04:19:00.000,0,3.08,2.95,2.95,2.87,2.84,2.88,,,,
2019-06-12 04:20:00.000,0,3.07,2.89,2.91,2.88,2.84,2.93,,,,
2019-06-12 04:21:00.000,0,2.72,2.76,2.84,2.87,2.82,2.86,,,,
2019-06-12 04:22:00.000,0,3.05,2.89,3.02,2.96,2.9,2.93,,,,
2019-06-12 04:23:00.000,0,2.87,2.82,2.78,2.92,2.88,2.9,,,,
2019-06-12 04:24:00.000,0,2.89,2.82,2.86,2.87,2.84,2.89,,,,
2019-06-12 04:25:00.000,0,2.85,2.73,2.83,2.9,2.85,2.91,,,,
2019-06-12 04:26:00.000,0,2.99,2.93,2.96,2.86,2.84,2.87,,,,
2019-06-12 04:27:00.000,0,2.8,2.81,2.86,2.88,2.87,2.93,,,,
2019-06-12 04:28:00.000,0,3.05,2.91,2.8,2.91,2.91,2.9,,,,
2019-06-12 04:29:00.000,0,2.76,2.74,2.99,2.96,2.93,2.99,,,,
2019-06-12 04:30:00.000,0,3,2.86,3,2.93,2.9,2.93,,,,
2019-06-12 04:31:00.000,0,2.86,2.83,2.96,2.95,2.9,2.95,,,,
2019-06-12 04:32:00.000,0,3.07,2.92,3.03,2.92,2.85,2.9,,,,
2019-06-12 04:33:00.000,0,3.08,2.93,2.73,2.88,2.87,2.91,,,,
2019-06-12 04:34:00.000,0,3.01,2.98,2.9,2.89,2.88,2.89,,,,
2019-06-12 04:35:00.000,0,3.11,2.77,2.84,2.95,2.9,2.94,,,,
2019-06-12 04:36:00.000,0,2.98,2.95,3,2.96,2.91,2.94,,,,
2019-06-12 04:37:00.000,0,2.88,2.84,2.89,2.91,2.88,2.91,,,,
2019-06-12 04:38:00.000,0,2.95,2.74,2.92,2.95,2.87,2.91,,,,
2019-06-12 04:39:00.000,0,2.87,2.97,2.72,2.92,2.88,2.94,,,,
2019-06-12 04:40:00.000,0,3.02,2.94,2.92,2.92,2.88,2.89,,,,
2019-06-12 04:41:00.000,0,2.76,2.89,2.73,2.95,2.9,2.95,,,,
2019-06-12 04:42:00.000,0,2.81,2.73,2.73,2.9,2.9,2.95,,,,
2019-06-12 04:43:00.000,0,2.93,2.72,2.99,2.86,2.82,2.85,,,,
2019-06-12 04:44:00.000,0,2.86,2.92,2.98,2.81,2.77,2.79,,,,
2019-06-12 04:45:00.000,0,2.76,2.74,2.88,2.85,2.8,2.87,,,,
2019-06-12 04:46:00.000,0,2.76,2.85,2.88,2.87,2.84,2.89,,,,
2019-06-12 04:47:00.000,0,2.72,2.65,2.88,2.88,2.84,2.87,,,,
2019-06-12 04:48:00.000,0,3.03,2.77,2.88,2.96,2.91,2.93,,,,
2019-06-12 04:49:00.000,0,3.02,2.89,2.82,2.92,2.9,2.96,,,,
2019-06-12 04:50:00.000,0,,,,,,,,,,
2019-06-12 04:51:00.000,0,,,,,,,,,,
2019-06-12 04:52:00.000,0,,,,,,,,,,
2019-06-12 04:53:00.000,0,,,,,,,,,,
2019-06-12 04:54:00.000,0,,,,,,,,,,
2019-06-12 04:55:00.000,0,,,,,,,,,,
2019-06-12 04:56:00.000,0,,,,,,,,,,
2019-06-12 04:57:00.000,0,,,,,,,,,,
2019-06-12 04:58:00.000,0,,,,,,,,,,
2019-06-12 04:59:00.000,0,2.93,2.8,2.94,2.93,2.93,2.98,,,,
2019-06-12 05:00:00.000,0,2.82,2.78,3.01,2.88,2.87,2.9,,,,
2019-06-12 05:01:00.000,0,2.83,2.91,2.73,2.96,2.9,2.95,,,,
2019-06-12 05:02:00.000,0,2.95,2.97,3.1,2.93,2.9,2.95,,,,
2019-06-12 05:03:00.000,0,2.97,2.78,2.95,2.9,2.87,2.94,,,,
2019-06-12 05:04:00.000,0,2.75,2.96,2.93,2.92,2.91,2.95,,,,
2019-06-12 05:05:00.000,0,2.92,2.88,2.79,2.93,2.93,2.93,,,,
2019-06-12 05:06:00.000,0,3.02,2.85,2.8,2.92,2.9,2.95,,,,
2019-06-12 05:07:00.000,0,2.82,3.01,2.91,2.9,2.85,2.97,,,,
2019-06-12 05:08:00.000,0,2.77,2.78,2.89,2.99,2.91,3.01,,,,
2019-06-12 05:09:00.000,0,2.78,2.74,2.66,2.97,2.9,2.94,,,,
2019-06-12 05:10:00.000,0,2.77,2.68,2.81,2.93,2.9,2.91,,,,
2019-06-12 05:11:00.000,0,3.05,2.93,3.05,2.89,2.87,2.93,,,,
2019-06-12 05:12:00.000,0,3.02,2.71,2.79,2.92,2.9,2.9,,,,
2019-06-12 05:13:00.000,0,2.78,2.71,2.93,2.95,2.91,2.94,,,,
2019-06-12 05:14:00.000,0,3.03,2.7,2.76,2.97,2.92,2.99,,,,
2019-06-12 05:15:00.000,0,3.03,2.71,2.78,3,2.97,2.99,,,,
2019-06-12 05:16:00.000,0,3.06,2.85,2.88,2.9,2.84,2.88,,,,
2019-06-12 05:17:00.000,0,2.95,2.87,2.88,2.82,2.81,2.86,,,,
2019-06-12 05:18:00.000,0,2.77,2.87,2.95,2.81,2.8,2.84,,,,
2019-06-12 05:19:00.000,0,2.79,2.74,2.84,2.92,2.87,2.95,,,,
2019-06-12 05:20:00.000,0,2.86,2.82,2.88,2.95,2.91,2.95,,,,
2019-06-12 05:21:00.000,0,2.83,2.77,2.81,2.95,2.91,2.91,,,,
2019-06-12 05:22:00.000,0,2.81,2.86,2.93,2.96,2.9,2.96,,,,
2019-06-12 05:23:00.000,0,3,2.74,2.96,2.96,2.91,2.91,,,,
2019-06-12 05:24:00.000,0,3.03,2.88,2.88,2.91,2.88,2.89,,,,
2019-06-12 05:25:00.000,0,2.77,2.87,2.89,2.9,2.91,2.96,,,,
2019-06-12 05:26:00.000,0,3,2.98,2.98,2.89,2.88,2.93,,,,
2019-06-12 05:27:00.000,0,2.81,2.78,3.05,2.9,2.88,2.89,,,,
2019-06-12 05:28:00.000,0,2.81,2.8,2.68,2.88,2.87,2.91,,,,
2019-06-12 05:29:00.000,0,2.89,2.89,2.78,2.95,2.93,2.95,,,,
2019-06-12 05:30:00.000,0,3.02,2.78,3.01,2.9,2.87,2.94,,,,
2019-06-12 05:31:00.000,0,2.95,2.78,3.02,2.92,2.91,2.93,,,,
2019-06-12 05:32:00.000,0,2.78,2.94,3.01,2.92,2.91,2.91,,,,
2019-06-12 05:33:00.000,0,2.97,2.72,2.9,2.95,2.9,2.91,,,,
2019-06-12 05:34:00.000,0,3,2.87,3.04,2.91,2.87,2.9,,,,
2019-06-12 05:35:00.000,0,3.02,2.97,2.83,2.9,2.86,2.86,,,,
2019-06-12 05:36:00.000,0,2.93,2.81,2.85,2.93,2.87,2.93,,,,
2019-06-12 05:37:00.000,0,3.03,2.88,2.89,2.92,2.85,2.89,,,,
2019-06-12 05:38:00.000,0,2.89,2.95,3.12,2.93,2.87,2.9,,,,
2019-06-12 05:39:00.000,0,2.88,2.63,3.01,2.9,2.84,2.9,,,,
2019-06-12 05:40:00.000,0,2.96,2.94,2.95,2.93,2.87,2.95,,,,
2019-06-12 05:41:00.000,0,2.95,2.7,2.94,2.93,2.87,2.93,,,,
2019-06-12 05:42:00.000,0,2.76,2.76,2.81,2.92,2.88,2.93,,,,
2019-06-12 05:43:00.000,0,2.99,2.67,3.03,2.93,2.87,2.93,,,,
2019-06-12 05:44:00.000,0,2.89,2.91,2.69,2.9,2.87,2.94,,,,
2019-06-12 05:45:00.000,0,2.95,2.71,2.93,2.92,2.9,2.95,,,,
2019-06-12 05:46:00.000,0,2.83,2.8,2.98,2.91,2.88,2.94,,,,
2019-06-12 05:47:00.000,0,2.96,2.84,2.8,2.9,2.87,2.9,,,,
2019-06-12 05:48:00.000,0,2.75,2.91,2.98,2.92,2.88,2.9,,,,
2019-06-12 05:49:00.000,0,2.79,2.74,2.96,2.9,2.85,2.95,,,,
2019-06-12 05:50:00.000,0,2.93,2.78,2.82,2.9,2.86,2.9,,,,
2019-06-12 05:51:00.000,0,3.05,2.97,2.94,2.89,2.85,2.95,,,,
2019-06-12 05:52:00.000,0,2.9,2.94,2.93,2.9,2.88,2.95,,,,
2019-06-12 05:53:00.000,0,2.97,2.87,2.98,2.93,2.91,2.96,,,,
2019-06-12 05:54:00.000,0,3.1,2.73,2.81,2.91,2.88,2.89,,,,
2019-06-12 05:55:00.000,0,2.86,2.88,2.74,2.9,2.87,2.87,,,,
2019-06-12 05:56:00.000,0,3.06,2.85,2.79,2.9,2.87,2.94,,,,
2019-06-12 05:57:00.000,0,3.01,2.8,2.71,2.91,2.88,2.89,,,,
2019-06-12 05:58:00.000,0,2.9,2.7,2.99,2.97,2.93,2.97,,,,
2019-06-12 05:59:00.000,0,2.92,2.91,3.01,2.89,2.84,2.88,,,,
2019-06-12 06:00:00.000,0,2.86,2.72,2.9,2.93,2.88,2.94,,,,
2019-06-12 06:01:00.000,0,3.02,2.81,3.01,2.96,2.91,2.94,,,,
2019-06-12 06:02:00.000,0,2.96,2.96,2.95,2.93,2.9,2.94,,,,
2019-06-12 06:03:00.000,0,2.98,2.78,2.88,2.98,2.94,2.96,,,,
2019-06-12 06:04:00.000,0,2.73,2.71,3.11,2.93,2.92,2.95,,,,
2019-06-12 06:05:00.000,0,2.78,2.95,2.99,2.95,2.93,2.96,,,,
2019-06-12 06:06:00.000,0,2.96,2.76,2.73,2.89,2.88,2.9,,,,
2019-06-12 06:07:00.000,0,2.98,2.71,2.93,2.91,2.91,2.91,,,,
2019-06-12 06:08:00.000,0,2.75,2.85,2.99,2.93,2.88,2.95,,,,
2019-06-12 06:09:00.000,0,2.81,2.87,3.02,2.89,2.88,2.95,,,,
2019-06-12 06:10:00.000,0,2.83,3.04,3.06,2.87,2.82,2.87,,,,
2019-06-12 06:11:00.000,0,2.93,2.71,3.02,2.92,2.88,2.96,,,,
2019-06-12 06:12:00.000,0,2.93,2.8,2.72,2.9,2.86,2.91,,,,
2019-06-12 06:13:00.000,0,2.78,2.88,2.99,2.89,2.86,2.88,,,,
2019-06-12 06:14:00.000,0,2.75,2.94,3,2.87,2.85,2.9,,,,
2019-06-12 06:15:00.000,0,2.95,2.85,3.04,2.9,2.91,2.94,,,,
2019-06-12 06:16:00.000,0,2.68,2.93,2.99,2.92,2.86,2.91,,,,
2019-06-12 06:17:00.000,0,2.9,2.94,2.96,2.93,2.92,2.97,,,,
2019-06-12 06:18:00.000,0,2.72,2.87,2.95,2.96,2.87,2.93,,,,
2019-06-12 06:19:00.000,0,2.88,2.7,2.73,2.92,2.85,2.93,,,,
2019-06-12 06:20:00.000,0,2.83,2.95,2.98,2.87,2.83,2.9,,,,
2019-06-12 06:21:00.000,0,2.99,2.8,2.89,2.87,2.82,2.87,,,,
2019-06-12 06:22:00.000,0,2.99,2.89,2.98,2.89,2.86,2.89,,,,
2019-06-12 06:23:00.000,0,2.77,2.85,2.94,2.91,2.9,2.94,,,,
2019-06-12 06:24:00.000,0,2.9,2.96,3.09,2.87,2.87,2.89,,,,
2019-06-12 06:25:00.000,0,2.8,2.84,2.75,2.81,2.8,2.83,,,,
2019-06-12 06:26:00.000,0,3.03,2.8,3.02,2.87,2.86,2.87,,,,
2019-06-12 06:27:00.000,0,2.82,2.68,3.11,2.9,2.9,2.91,,,,
2019-06-12 06:28:00.000,0,2.93,2.83,2.89,2.87,2.85,2.87,,,,
2019-06-12 06:29:00.000,0,3.01,2.71,2.96,2.91,2.88,2.91,,,,
2019-06-12 06:30:00.000,0,3,2.77,2.96,2.89,2.87,2.91,,,,
2019-06-12 06:31:00.000,0,2.91,2.8,2.74,2.93,2.92,2.93,,,,
2019-06-12 06:32:00.000,0,2.97,2.95,3.03,2.9,2.87,2.9,,,,
2019-06-12 06:33:00.000,0,2.88,2.83,2.76,2.91,2.85,2.88,,,,
2019-06-12 06:34:00.000,0,2.83,2.8,3.01,2.95,2.9,2.96,,,,
2019-06-12 06:35:00.000,0,2.87,2.75,3.02,2.96,2.87,2.95,,,,
2019-06-12 06:36:00.000,0,2.87,2.73,2.99,2.89,2.83,2.88,,,,
2019-06-12 06:37:00.000,0,3.02,2.76,2.74,2.89,2.86,2.89,,,,
2019-06-12 06:38:00.000,0,3.07,2.72,2.82,2.9,2.83,2.87,,,,
2019-06-12 06:39:00.000,0,2.99,2.91,2.95,2.9,2.85,2.9,,,,
2019-06-12 06:40:00.000,0,2.99,2.87,2.91,2.89,2.83,2.91,,,,
2019-06-12 06:41:00.000,0,2.93,2.72,2.79,2.86,2.82,2.85,,,,
2019-06-12 06:42:00.000,0,2.99,2.82,3.01,2.89,2.87,2.89,,,,
2019-06-12 06:43:00.000,0,2.81,2.71,2.81,2.89,2.85,2.88,,,,
2019-06-12 06:44:00.000,0,2.96,2.98,3.02,2.86,2.84,2.88,,,,
2019-06-12 06:45:00.000,0,2.9,2.8,2.8,2.88,2.86,2.91,,,,
2019-06-12 06:46:00.000,0,2.88,2.76,2.9,2.86,2.83,2.95,,,,
2019-06-12 06:47:00.000,0,2.81,2.95,3.04,2.9,2.87,2.93,,,,
2019-06-12 06:48:00.000,0,2.98,2.85,2.9,2.88,2.85,2.89,,,,
2019-06-12 06:49:00.000,0,2.89,2.86,2.93,2.89,2.85,2.93,,,,
2019-06-12 06:50:00.000,0,2.9,2.87,2.85,2.87,2.85,2.89,,,,
2019-06-12 06:51:00.000,0,3.03,2.97,2.85,2.89,2.85,2.86,,,,
2019-06-12 06:52:00.000,0,2.82,2.81,2.74,2.85,2.84,2.87,,,,
2019-06-12 06:53:00.000,0,2.76,2.89,2.94,2.85,2.83,2.86,,,,
2019-06-12 06:54:00.000,0,3,2.82,3,2.86,2.86,2.88,,,,
2019-06-12 06:55:00.000,0,3.09,2.72,2.82,2.89,2.82,2.87,,,,
2019-06-12 06:56:00.000,0,3.08,2.94,2.96,2.89,2.84,2.88,,,,
2019-06-12 06:57:00.000,0,2.79,2.76,2.72,2.85,2.82,2.88,,,,
2019-06-12 06:58:00.000,0,2.7,2.73,2.82,2.86,2.85,2.87,,,,
2019-06-12 06:59:00.000,0,2.85,2.92,2.89,2.87,2.85,2.87,,,,
2019-06-12 07:00:00.000,0,3.03,2.92,3,2.87,2.86,2.91,,,,
2019-06-12 07:01:00.000,0,2.95,2.92,2.9,2.85,2.82,2.88,,,,
2019-06-12 07:02:00.000,0,2.87,2.74,2.91,2.85,2.8,2.84,,,,
2019-06-12 07:03:00.000,0,2.88,2.7,2.91,2.87,2.81,2.86,,,,
2019-06-12 07:04:00.000,0,3.03,2.94,2.9,2.87,2.8,2.84,,,,
2019-06-12 07:05:00.000,0,3.01,2.83,2.73,2.88,2.83,2.85,,,,
2019-06-12 07:06:00.000,0,2.78,2.75,3.09,2.88,2.86,2.9,,,,
2019-06-12 07:07:00.000,0,2.91,2.64,3.02,2.85,2.84,2.86,,,,
2019-06-12 07:08:00.000,0,2.97,2.73,2.73,2.85,2.82,2.85,,,,
2019-06-12 07:09:00.000,0,2.88,2.92,2.84,2.85,2.81,2.87,,,,
2019-06-12 07:10:00.000,0,2.75,2.73,2.94,2.87,2.82,2.86,,,,
2019-06-12 07:11:00.000,0,2.83,2.94,2.82,2.88,2.85,2.91,,,,
2019-06-12 07:12:00.000,0,2.86,2.7,3.05,2.78,2.8,2.81,,,,
2019-06-12 07:13:00.000,0,2.81,2.76,2.78,2.85,2.83,2.84,,,,
2019-06-12 07:14:00.000,0,2.87,2.92,2.88,2.87,2.81,2.86,,,,
2019-06-12 07:15:00.000,0,2.97,2.67,2.92,2.85,2.76,2.84,,,,
2019-06-12 07:16:00.000,0,2.77,2.82,2.98,2.86,2.8,2.85,,,,
2019-06-12 07:17:00.000,0,3.03,2.87,3,2.85,2.82,2.84,,,,
2019-06-12 07:18:00.000,0,3.01,2.91,2.96,2.86,2.8,2.84,,,,
2019-06-12 07:19:00.000,0,3.02,2.92,2.96,2.85,2.8,2.86,,,,
2019-06-12 07:20:00.000,0,2.85,2.64,2.99,2.86,2.81,2.86,,,,
2019-06-12 07:21:00.000,0,2.82,2.72,2.89,2.87,2.82,2.85,,,,
2019-06-12 07:22:00.000,0,2.95,2.76,2.89,2.86,2.8,2.85,,,,
2019-06-12 07:23:00.000,0,2.99,2.75,2.74,2.86,2.81,2.86,,,,
2019-06-12 07:24:00.000,0,2.83,2.89,2.93,2.85,2.8,2.84,,,,
2019-06-12 07:25:00.000,0,2.95,2.7,2.76,2.87,2.82,2.88,,,,
2019-06-12 07:26:00.000,0,2.79,2.92,2.93,2.85,2.81,2.84,,,,
2019-06-12 07:27:00.000,0,2.78,2.92,2.95,2.83,2.8,2.85,,,,
2019-06-12 07:28:00.000,0,2.88,2.67,2.7,2.85,2.81,2.88,,,,
2019-06-12 07:29:00.000,0,2.91,2.91,2.7,2.87,2.81,2.85,,,,
2019-06-12 07:30:00.000,0,3,2.91,2.69,2.83,2.81,2.85,,,,
2019-06-12 07:31:00.000,0,2.9,2.67,3.03,2.81,2.8,2.86,,,,
2019-06-12 07:32:00.000,0,3,2.71,2.73,2.82,2.8,2.84,,,,
2019-06-12 07:33:00.000,0,2.81,2.65,3.01,2.89,2.83,2.86,,,,
2019-06-12 07:34:00.000,0,2.75,2.76,2.98,2.87,2.84,2.88,,,,
2019-06-12 07:35:00.000,0,2.91,2.93,2.84,2.85,2.83,2.87,,,,
2019-06-12 07:36:00.000,0,2.83,2.89,2.94,2.85,2.83,2.85,,,,
2019-06-12 07:37:00.000,0,3.03,2.73,2.99,2.89,2.87,2.93,,,,
2019-06-12 07:38:00.000,0,2.98,2.77,2.7,2.89,2.87,2.89,,,,
2019-06-12 07:39:00.000,0,3,2.74,2.99,2.89,2.88,2.93,,,,
2019-06-12 07:40:00.000,0,,,,,,,,,,
2019-06-12 07:41:00.000,0,2.98,2.63,2.68,2.68,2.68,2.71,,,,
2019-06-12 07:42:00.000,0,2.77,2.82,2.93,2.77,2.72,2.76,,,,
2019-06-12 07:43:00.000,0,2.79,2.8,2.8,2.77,2.72,2.74,,,,
2019-06-12 07:44:00.000,0,2.92,2.84,2.93,2.92,2.88,2.89,,,,
2019-06-12 07:45:00.000,0,2.87,2.93,2.78,2.88,2.87,2.87,,,,
2019-06-12 07:46:00.000,0,3,2.74,2.79,2.88,2.86,2.91,,,,
2019-06-12 07:47:00.000,0,3.01,2.71,2.76,2.88,2.84,2.88,,,,
2019-06-12 07:48:00.000,0,2.96,2.89,2.91,2.89,2.85,2.9,,,,
2019-06-12 07:49:00.000,0,2.91,2.75,2.83,2.92,2.86,2.91,,,,
2019-06-12 07:50:00.000,0,3.27,2.75,3.93,3.27,2.87,2.87,,,,
2019-06-12 07:51:00.000,0,,,,,,,,,,
2019-06-12 07:52:00.000,0,,,,,,,,,,
2019-06-12 07:53:00.000,0,,,,,,,,,,
2019-06-12 07:54:00.000,0,,,,,,,,,,
2019-06-12 07:55:00.000,0,,,,,,,,,,
2019-06-12 07:56:00.000,0,,,,,,,,,,
2019-06-12 07:57:00.000,0,,,,,,,,,,
2019-06-12 07:58:00.000,0,,,,,,,,,,
2019-06-12 07:59:00.000,0,,,,,,,,,,
2019-06-12 08:00:00.000,0,,,,,,,,,,
2019-06-12 08:01:00.000,0,,,,,,,,,,
2019-06-12 08:02:00.000,0,,,,,,,,,,
2019-06-12 08:03:00.000,0,,,,,,,,,,
2019-06-12 08:04:00.000,0,,,,,,,,,,
2019-06-12 08:05:00.000,0,,,,,,,,,,
2019-06-12 08:06:00.000,0,,,,,,,,,,
2019-06-12 08:07:00.000,0,,,,,,,,,,
2019-06-12 08:08:00.000,0,,,,,,,,,,
2019-06-12 08:09:00.000,0,,,,,,,,,,
2019-06-12 08:10:00.000,0,,,,,,,,,,
2019-06-12 08:11:00.000,0,,,,,,,,,,
2019-06-12 08:12:00.000,0,,,,,,,,,,
2019-06-12 08:13:00.000,0,,,,,,,,,,
2019-06-12 08:14:00.000,0,,,,,,,,,,
2019-06-12 08:15:00.000,0,,,,,,,,,,
2019-06-12 08:16:00.000,0,,,,,,,,,,
2019-06-12 08:17:00.000,0,,,,,,,,,,
2019-06-12 08:18:00.000,0,,,,,,,,,,
2019-06-12 08:19:00.000,0,,,,,,,,,,
2019-06-12 08:20:00.000,0,,,,,,,,,,
2019-06-12 08:21:00.000,0,,,,,,,,,,
2019-06-12 08:22:00.000,0,,,,,,,,,,
2019-06-12 08:23:00.000,0,,,,,,,,,,
2019-06-12 08:24:00.000,0,,,,,,,,,,
2019-06-12 08:25:00.000,0,,,,,,,,,,
2019-06-12 08:26:00.000,0,,,,,,,,,,
2019-06-12 08:27:00.000,0,,,,,,,,,,
2019-06-12 08:28:00.000,0,,,,,,,,,,
2019-06-12 08:29:00.000,0,,,,,,,,,,
2019-06-12 08:30:00.000,0,,,,,,,,,,
2019-06-12 08:31:00.000,0,,,,,,,,,,
2019-06-12 08:32:00.000,0,,,,,,,,,,
2019-06-12 08:33:00.000,0,,,,,,,,,,
2019-06-12 08:34:00.000,0,,,,,,,,,,
2019-06-12 08:35:00.000,0,,,,,,,,,,
2019-06-12 08:36:00.000,0,,,,,,,,,,
2019-06-12 08:37:00.000,0,,,,,,,,,,
2019-06-12 08:38:00.000,0,,,,,,,,,,
2019-06-12 08:39:00.000,0,,,,,,,,,,
2019-06-12 08:40:00.000,0,,,,,,,,,,
2019-06-12 08:41:00.000,0,,,,,,,,,,
2019-06-12 08:42:00.000,0,,,,,,,,,,
2019-06-12 08:43:00.000,0,,,,,,,,,,
2019-06-12 08:44:00.000,0,,,,,,,,,,
2019-06-12 08:45:00.000,0,,,,,,,,,,
2019-06-12 08:46:00.000,0,,,,,,,,,,
2019-06-12 08:47:00.000,0,,,,,,,,,,
2019-06-12 08:48:00.000,0,,,,,,,,,,
2019-06-12 08:49:00.000,0,,,,,,,,,,
2019-06-12 08:50:00.000,0,,,,,,,,,,
2019-06-12 08:51:00.000,0,,,,,,,,,,
2019-06-12 08:52:00.000,0,,,,,,,,,,
2019-06-12 08:53:00.000,0,,,,,,,,,,
2019-06-12 08:54:00.000,0,,,,,,,,,,
2019-06-12 08:55:00.000,0,,,,,,,,,,
2019-06-12 08:56:00.000,0,,,,,,,,,,
2019-06-12 08:57:00.000,0,,,,,,,,,,
2019-06-12 08:58:00.000,0,,,,,,,,,,
2019-06-12 08:59:00.000,0,,,,,,,,,,
2019-06-12 09:00:00.000,0,,,,,,,,,,
