time,sinewave
0,0.841470985
1,0.873736397
2,0.90255357
3,0.927808777
4,0.949402346
5,0.967249058
6,0.98127848
7,0.991435244
8,0.997679266
9,0.999985904
10,0.998346054
11,0.992766189
12,0.983268329
13,0.969889958
14,0.952683874
15,0.931717983
16,0.907075026
17,0.878852258
18,0.847161063
19,0.812126509
20,0.773886863
21,0.73259304
22,0.688408006
23,0.64150614
24,0.592072543
25,0.540302306
26,0.486399742
27,0.430577581
28,0.373056127
29,0.314062391
30,0.253829194
31,0.192594249
32,0.130599223
33,0.068088781
34,0.005309624
35,-0.057490488
36,-0.120063711
37,-0.182163097
38,-0.243543569
39,-0.303962886
40,-0.3631826
41,-0.420968998
42,-0.477094024
43,-0.531336178
44,-0.583481391
45,-0.633323869
46,-0.680666907
47,-0.725323664
48,-0.7671179
49,-0.805884672
50,-0.841470985
51,-0.873736397
52,-0.90255357
53,-0.927808777
54,-0.949402346
55,-0.967249058
56,-0.98127848
57,-0.991435244
58,-0.997679266
59,-0.999985904
60,-0.998346054
61,-0.992766189
62,-0.983268329
63,-0.969889958
64,-0.952683874
65,-0.931717983
66,-0.907075026
67,-0.878852258
68,-0.847161063
69,-0.812126509
70,-0.773886863
71,-0.73259304
72,-0.688408006
73,-0.64150614
74,-0.592072543
75,-0.540302306
76,-0.486399742
77,-0.430577581
78,-0.373056127
79,-0.314062391
80,-0.253829194
81,-0.192594249
82,-0.130599223
83,-0.068088781
84,-0.005309624
85,0.057490488
86,0.120063711
87,0.182163097
88,0.243543569
89,0.303962886
90,0.3631826
91,0.420968998
92,0.477094024
93,0.531336178
94,0.583481391
95,0.633323869
96,0.680666907
97,0.725323664
98,0.7671179
99,0.805884672
100,0.841470985
101,0.873736397
102,0.90255357
103,0.927808777
104,0.949402346
105,0.967249058
106,0.98127848
107,0.991435244
108,0.997679266
109,0.999985904
110,0.998346054
111,0.992766189
112,0.983268329
113,0.969889958
114,0.952683874
115,0.931717983
116,0.907075026
117,0.878852258
118,0.847161063
119,0.812126509
120,0.773886863
121,0.73259304
122,0.688408006
123,0.64150614
124,0.592072543
125,0.540302306
126,0.486399742
127,0.430577581
128,0.373056127
129,0.314062391
130,0.253829194
131,0.192594249
132,0.130599223
133,0.068088781
134,0.005309624
135,-0.057490488
136,-0.120063711
137,-0.182163097
138,-0.243543569
139,-0.303962886
140,-0.3631826
141,-0.420968998
142,-0.477094024
143,-0.531336178
144,-0.583481391
145,-0.633323869
146,-0.680666907
147,-0.725323664
148,-0.7671179
149,-0.805884672
150,-0.841470985
151,-0.873736397
152,-0.90255357
153,-0.927808777
154,-0.949402346
155,-0.967249058
156,-0.98127848
157,-0.991435244
158,-0.997679266
159,-0.999985904
160,-0.998346054
161,-0.992766189
162,-0.983268329
163,-0.969889958
164,-0.952683874
165,-0.931717983
166,-0.907075026
167,-0.878852258
168,-0.847161063
169,-0.812126509
170,-0.773886863
171,-0.73259304
172,-0.688408006
173,-0.64150614
174,-0.592072543
175,-0.540302306
176,-0.486399742
177,-0.430577581
178,-0.373056127
179,-0.314062391
180,-0.253829194
181,-0.192594249
182,-0.130599223
183,-0.068088781
184,-0.005309624
185,0.057490488
186,0.120063711
187,0.182163097
188,0.243543569
189,0.303962886
190,0.3631826
191,0.420968998
192,0.477094024
193,0.531336178
194,0.583481391
195,0.633323869
196,0.680666907
197,0.725323664
198,0.7671179
199,0.805884672
200,0.841470985
201,0.873736397
202,0.90255357
203,0.927808777
204,0.949402346
205,0.967249058
206,0.98127848
207,0.991435244
208,0.997679266
209,0.999985904
210,0.998346054
211,0.992766189
212,0.983268329
213,0.969889958
214,0.952683874
215,0.931717983
216,0.907075026
217,0.878852258
218,0.847161063
219,0.812126509
220,0.773886863
221,0.73259304
222,0.688408006
223,0.64150614
224,0.592072543
225,0.540302306
226,0.486399742
227,0.430577581
228,0.373056127
229,0.314062391
230,0.253829194
231,0.192594249
232,0.130599223
233,0.068088781
234,0.005309624
235,-0.057490488
236,-0.120063711
237,-0.182163097
238,-0.243543569
239,-0.303962886
240,-0.3631826
241,-0.420968998
242,-0.477094024
243,-0.531336178
244,-0.583481391
245,-0.633323869
246,-0.680666907
247,-0.725323664
248,-0.7671179
249,-0.805884672
250,-0.841470985
251,-0.873736397
252,-0.90255357
253,-0.927808777
254,-0.949402346
255,-0.967249058
256,-0.98127848
257,-0.991435244
258,-0.997679266
259,-0.999985904
260,-0.998346054
261,-0.992766189
262,-0.983268329
263,-0.969889958
264,-0.952683874
265,-0.931717983
266,-0.907075026
267,-0.878852258
268,-0.847161063
269,-0.812126509
270,-0.773886863
271,-0.73259304
272,-0.688408006
273,-0.64150614
274,-0.592072543
275,-0.540302306
276,-0.486399742
277,-0.430577581
278,-0.373056127
279,-0.314062391
280,-0.253829194
281,-0.192594249
282,-0.130599223
283,-0.068088781
284,-0.005309624
285,0.057490488
286,0.120063711
287,0.182163097
288,0.243543569
289,0.303962886
290,0.3631826
291,0.420968998
292,0.477094024
293,0.531336178
294,0.583481391
295,0.633323869
296,0.680666907
297,0.725323664
298,0.7671179
299,0.805884672
300,0.841470985
301,0.873736397
302,0.90255357
303,0.927808777
304,0.949402346
305,0.967249058
306,0.98127848
307,0.991435244
308,0.997679266
309,0.999985904
310,0.998346054
311,0.992766189
312,0.983268329
313,0.969889958
314,0.952683874
315,0.931717983
316,0.907075026
317,0.878852258
318,0.847161063
319,0.812126509
320,0.773886863
321,0.73259304
322,0.688408006
323,0.64150614
324,0.592072543
325,0.540302306
326,0.486399742
327,0.430577581
328,0.373056127
329,0.314062391
330,0.253829194
331,0.192594249
332,0.130599223
333,0.068088781
334,0.005309624
335,-0.057490488
336,-0.120063711
337,-0.182163097
338,-0.243543569
339,-0.303962886
340,-0.3631826
341,-0.420968998
342,-0.477094024
343,-0.531336178
344,-0.583481391
345,-0.633323869
346,-0.680666907
347,-0.725323664
348,-0.7671179
349,-0.805884672
350,-0.841470985
351,-0.873736397
352,-0.90255357
353,-0.927808777
354,-0.949402346
355,-0.967249058
356,-0.98127848
357,-0.991435244
358,-0.997679266
359,-0.999985904
360,-0.998346054
361,-0.992766189
362,-0.983268329
363,-0.969889958
364,-0.952683874
365,-0.931717983
366,-0.907075026
367,-0.878852258
368,-0.847161063
369,-0.812126509
370,-0.773886863
371,-0.73259304
372,-0.688408006
373,-0.64150614
374,-0.592072543
375,-0.540302306
376,-0.486399742
377,-0.430577581
378,-0.373056127
379,-0.314062391
380,-0.253829194
381,-0.192594249
382,-0.130599223
383,-0.068088781
384,-0.005309624
385,0.057490488
386,0.120063711
387,0.182163097
388,0.243543569
389,0.303962886
390,0.3631826
391,0.420968998
392,0.477094024
393,0.531336178
394,0.583481391
395,0.633323869
396,0.680666907
397,0.725323664
398,0.7671179
399,0.805884672
400,0.841470985
401,0.873736397
402,0.90255357
403,0.927808777
404,0.949402346
405,0.967249058
406,0.98127848
407,0.991435244
408,0.997679266
409,0.999985904
410,0.998346054
411,0.992766189
412,0.983268329
413,0.969889958
414,0.952683874
415,0.931717983
416,0.907075026
417,0.878852258
418,0.847161063
419,0.812126509
420,0.773886863
421,0.73259304
422,0.688408006
423,0.64150614
424,0.592072543
425,0.540302306
426,0.486399742
427,0.430577581
428,0.373056127
429,0.314062391
430,0.253829194
431,0.192594249
432,0.130599223
433,0.068088781
434,0.005309624
435,-0.057490488
436,-0.120063711
437,-0.182163097
438,-0.243543569
439,-0.303962886
440,-0.3631826
441,-0.420968998
442,-0.477094024
443,-0.531336178
444,-0.583481391
445,-0.633323869
446,-0.680666907
447,-0.725323664
448,-0.7671179
449,-0.805884672
450,-0.841470985
451,-0.873736397
452,-0.90255357
453,-0.927808777
454,-0.949402346
455,-0.967249058
456,-0.98127848
457,-0.991435244
458,-0.997679266
459,-0.999985904
460,-0.998346054
461,-0.992766189
462,-0.983268329
463,-0.969889958
464,-0.952683874
465,-0.931717983
466,-0.907075026
467,-0.878852258
468,-0.847161063
469,-0.812126509
470,-0.773886863
471,-0.73259304
472,-0.688408006
473,-0.64150614
474,-0.592072543
475,-0.540302306
476,-0.486399742
477,-0.430577581
478,-0.373056127
479,-0.314062391
480,-0.253829194
481,-0.192594249
482,-0.130599223
483,-0.068088781
484,-0.005309624
485,0.057490488
486,0.120063711
487,0.182163097
488,0.243543569
489,0.303962886
490,0.3631826
491,0.420968998
492,0.477094024
493,0.531336178
494,0.583481391
495,0.633323869
496,0.680666907
497,0.725323664
498,0.7671179
499,0.805884672
500,0.841470985
501,0.873736397
502,0.90255357
503,0.927808777
504,0.949402346
505,0.967249058
506,0.98127848
507,0.991435244
508,0.997679266
509,0.999985904
510,0.998346054
511,0.992766189
512,0.983268329
513,0.969889958
514,0.952683874
515,0.931717983
516,0.907075026
517,0.878852258
518,0.847161063
519,0.812126509
520,0.773886863
521,0.73259304
522,0.688408006
523,0.64150614
524,0.592072543
525,0.540302306
526,0.486399742
527,0.430577581
528,0.373056127
529,0.314062391
530,0.253829194
531,0.192594249
532,0.130599223
533,0.068088781
534,0.005309624
535,-0.057490488
536,-0.120063711
537,-0.182163097
538,-0.243543569
539,-0.303962886
540,-0.3631826
541,-0.420968998
542,-0.477094024
543,-0.531336178
544,-0.583481391
545,-0.633323869
546,-0.680666907
547,-0.725323664
548,-0.7671179
549,-0.805884672
550,-0.841470985
551,-0.873736397
552,-0.90255357
553,-0.927808777
554,-0.949402346
555,-0.967249058
556,-0.98127848
557,-0.991435244
558,-0.997679266
559,-0.999985904
560,-0.998346054
561,-0.992766189
562,-0.983268329
563,-0.969889958
564,-0.952683874
565,-0.931717983
566,-0.907075026
567,-0.878852258
568,-0.847161063
569,-0.812126509
570,-0.773886863
571,-0.73259304
572,-0.688408006
573,-0.64150614
574,-0.592072543
575,-0.540302306
576,-0.486399742
577,-0.430577581
578,-0.373056127
579,-0.314062391
580,-0.253829194
581,-0.192594249
582,-0.130599223
583,-0.068088781
584,-0.005309624
585,0.057490488
586,0.120063711
587,0.182163097
588,0.243543569
589,0.303962886
590,0.3631826
591,0.420968998
592,0.477094024
593,0.531336178
594,0.583481391
595,0.633323869
596,0.680666907
597,0.725323664
598,0.7671179
599,0.805884672
600,0.841470985
601,0.873736397
602,0.90255357
603,0.927808777
604,0.949402346
605,0.967249058
606,0.98127848
607,0.991435244
608,0.997679266
609,0.999985904
610,0.998346054
611,0.992766189
612,0.983268329
613,0.969889958
614,0.952683874
615,0.931717983
616,0.907075026
617,0.878852258
618,0.847161063
619,0.812126509
620,0.773886863
621,0.73259304
622,0.688408006
623,0.64150614
624,0.592072543
625,0.540302306
626,0.486399742
627,0.430577581
628,0.373056127
629,0.314062391
630,0.253829194
631,0.192594249
632,0.130599223
633,0.068088781
634,0.005309624
635,-0.057490488
636,-0.120063711
637,-0.182163097
638,-0.243543569
639,-0.303962886
640,-0.3631826
641,-0.420968998
642,-0.477094024
643,-0.531336178
644,-0.583481391
645,-0.633323869
646,-0.680666907
647,-0.725323664
648,-0.7671179
649,-0.805884672
650,-0.841470985
651,-0.873736397
652,-0.90255357
653,-0.927808777
654,-0.949402346
655,-0.967249058
656,-0.98127848
657,-0.991435244
658,-0.997679266
659,-0.999985904
660,-0.998346054
661,-0.992766189
662,-0.983268329
663,-0.969889958
664,-0.952683874
665,-0.931717983
666,-0.907075026
667,-0.878852258
668,-0.847161063
669,-0.812126509
670,-0.773886863
671,-0.73259304
672,-0.688408006
673,-0.64150614
674,-0.592072543
675,-0.540302306
676,-0.486399742
677,-0.430577581
678,-0.373056127
679,-0.314062391
680,-0.253829194
681,-0.192594249
682,-0.130599223
683,-0.068088781
684,-0.005309624
685,0.057490488
686,0.120063711
687,0.182163097
688,0.243543569
689,0.303962886
690,0.3631826
691,0.420968998
692,0.477094024
693,0.531336178
694,0.583481391
695,0.633323869
696,0.680666907
697,0.725323664
698,0.7671179
699,0.805884672
700,0.841470985
701,0.873736397
702,0.90255357
703,0.927808777
704,0.949402346
705,0.967249058
706,0.98127848
707,0.991435244
708,0.997679266
709,0.999985904
710,0.998346054
711,0.992766189
712,0.983268329
713,0.969889958
714,0.952683874
715,0.931717983
716,0.907075026
717,0.878852258
718,0.847161063
719,0.812126509
720,0.773886863
721,0.73259304
722,0.688408006
723,0.64150614
724,0.592072543
725,0.540302306
726,0.486399742
727,0.430577581
728,0.373056127
729,0.314062391
730,0.253829194
731,0.192594249
732,0.130599223
733,0.068088781
734,0.005309624
735,-0.057490488
736,-0.120063711
737,-0.182163097
738,-0.243543569
739,-0.303962886
740,-0.3631826
741,-0.420968998
742,-0.477094024
743,-0.531336178
744,-0.583481391
745,-0.633323869
746,-0.680666907
747,-0.725323664
748,-0.7671179
749,-0.805884672
750,-0.841470985
751,-0.873736397
752,-0.90255357
753,-0.927808777
754,-0.949402346
755,-0.967249058
756,-0.98127848
757,-0.991435244
758,-0.997679266
759,-0.999985904
760,-0.998346054
761,-0.992766189
762,-0.983268329
763,-0.969889958
764,-0.952683874
765,-0.931717983
766,-0.907075026
767,-0.878852258
768,-0.847161063
769,-0.812126509
770,-0.773886863
771,-0.73259304
772,-0.688408006
773,-0.64150614
774,-0.592072543
775,-0.540302306
776,-0.486399742
777,-0.430577581
778,-0.373056127
779,-0.314062391
780,-0.253829194
781,-0.192594249
782,-0.130599223
783,-0.068088781
784,-0.005309624
785,0.057490488
786,0.120063711
787,0.182163097
788,0.243543569
789,0.303962886
790,0.3631826
791,0.420968998
792,0.477094024
793,0.531336178
794,0.583481391
795,0.633323869
796,0.680666907
797,0.725323664
798,0.7671179
799,0.805884672
800,0.841470985
801,0.873736397
802,0.90255357
803,0.927808777
804,0.949402346
805,0.967249058
806,0.98127848
807,0.991435244
808,0.997679266
809,0.999985904
810,0.998346054
811,0.992766189
812,0.983268329
813,0.969889958
814,0.952683874
815,0.931717983
816,0.907075026
817,0.878852258
818,0.847161063
819,0.812126509
820,0.773886863
821,0.73259304
822,0.688408006
823,0.64150614
824,0.592072543
825,0.540302306
826,0.486399742
827,0.430577581
828,0.373056127
829,0.314062391
830,0.253829194
831,0.192594249
832,0.130599223
833,0.068088781
834,0.005309624
835,-0.057490488
836,-0.120063711
837,-0.182163097
838,-0.243543569
839,-0.303962886
840,-0.3631826
841,-0.420968998
842,-0.477094024
843,-0.531336178
844,-0.583481391
845,-0.633323869
846,-0.680666907
847,-0.725323664
848,-0.7671179
849,-0.805884672
850,-0.841470985
851,-0.873736397
852,-0.90255357
853,-0.927808777
854,-0.949402346
855,-0.967249058
856,-0.98127848
857,-0.991435244
858,-0.997679266
859,-0.999985904
860,-0.998346054
861,-0.992766189
862,-0.983268329
863,-0.969889958
864,-0.952683874
865,-0.931717983
866,-0.907075026
867,-0.878852258
868,-0.847161063
869,-0.812126509
870,-0.773886863
871,-0.73259304
872,-0.688408006
873,-0.64150614
874,-0.592072543
875,-0.540302306
876,-0.486399742
877,-0.430577581
878,-0.373056127
879,-0.314062391
880,-0.253829194
881,-0.192594249
882,-0.130599223
883,-0.068088781
884,-0.005309624
885,0.057490488
886,0.120063711
887,0.182163097
888,0.243543569
889,0.303962886
890,0.3631826
891,0.420968998
892,0.477094024
893,0.531336178
894,0.583481391
895,0.633323869
896,0.680666907
897,0.725323664
898,0.7671179
899,0.805884672
900,0.841470985
901,0.873736397
902,0.90255357
903,0.927808777
904,0.949402346
905,0.967249058
906,0.98127848
907,0.991435244
908,0.997679266
909,0.999985904
910,0.998346054
911,0.992766189
912,0.983268329
913,0.969889958
914,0.952683874
915,0.931717983
916,0.907075026
917,0.878852258
918,0.847161063
919,0.812126509
920,0.773886863
921,0.73259304
922,0.688408006
923,0.64150614
924,0.592072543
925,0.540302306
926,0.486399742
927,0.430577581
928,0.373056127
929,0.314062391
930,0.253829194
931,0.192594249
932,0.130599223
933,0.068088781
934,0.005309624
935,-0.057490488
936,-0.120063711
937,-0.182163097
938,-0.243543569
939,-0.303962886
940,-0.3631826
941,-0.420968998
942,-0.477094024
943,-0.531336178
944,-0.583481391
945,-0.633323869
946,-0.680666907
947,-0.725323664
948,-0.7671179
949,-0.805884672
950,-0.841470985
951,-0.873736397
952,-0.90255357
953,-0.927808777
954,-0.949402346
955,-0.967249058
956,-0.98127848
957,-0.991435244
958,-0.997679266
959,-0.999985904
960,-0.998346054
961,-0.992766189
962,-0.983268329
963,-0.969889958
964,-0.952683874
965,-0.931717983
966,-0.907075026
967,-0.878852258
968,-0.847161063
969,-0.812126509
970,-0.773886863
971,-0.73259304
972,-0.688408006
973,-0.64150614
974,-0.592072543
975,-0.540302306
976,-0.486399742
977,-0.430577581
978,-0.373056127
979,-0.314062391
980,-0.253829194
981,-0.192594249
982,-0.130599223
983,-0.068088781
984,-0.005309624
985,0.057490488
986,0.120063711
987,0.182163097
988,0.243543569
989,0.303962886
990,0.3631826
991,0.420968998
992,0.477094024
993,0.531336178
994,0.583481391
995,0.633323869
996,0.680666907
997,0.725323664
998,0.7671179
999,0.805884672
1000,0.841470985
1001,0.873736397
1002,0.90255357
1003,0.927808777
1004,0.949402346
1005,0.967249058
1006,0.98127848
1007,0.991435244
1008,0.997679266
1009,0.999985904
1010,0.998346054
1011,0.992766189
1012,0.983268329
1013,0.969889958
1014,0.952683874
1015,0.931717983
1016,0.907075026
1017,0.878852258
1018,0.847161063
1019,0.812126509
1020,0.773886863
1021,0.73259304
1022,0.688408006
1023,0.64150614
1024,0.592072543
1025,0.540302306
1026,0.486399742
1027,0.430577581
1028,0.373056127
1029,0.314062391
1030,0.253829194
1031,0.192594249
1032,0.130599223
1033,0.068088781
1034,0.005309624
1035,-0.057490488
1036,-0.120063711
1037,-0.182163097
1038,-0.243543569
1039,-0.303962886
1040,-0.3631826
1041,-0.420968998
1042,-0.477094024
1043,-0.531336178
1044,-0.583481391
1045,-0.633323869
1046,-0.680666907
1047,-0.725323664
1048,-0.7671179
1049,-0.805884672
1050,-0.841470985
1051,-0.873736397
1052,-0.90255357
1053,-0.927808777
1054,-0.949402346
1055,-0.967249058
1056,-0.98127848
1057,-0.991435244
1058,-0.997679266
1059,-0.999985904
1060,-0.998346054
1061,-0.992766189
1062,-0.983268329
1063,-0.969889958
1064,-0.952683874
1065,-0.931717983
1066,-0.907075026
1067,-0.878852258
1068,-0.847161063
1069,-0.812126509
1070,-0.773886863
1071,-0.73259304
1072,-0.688408006
1073,-0.64150614
1074,-0.592072543
1075,-0.540302306
1076,-0.486399742
1077,-0.430577581
1078,-0.373056127
1079,-0.314062391
1080,-0.253829194
1081,-0.192594249
1082,-0.130599223
1083,-0.068088781
1084,-0.005309624
1085,0.057490488
1086,0.120063711
1087,0.182163097
1088,0.243543569
1089,0.303962886
1090,0.3631826
1091,0.420968998
1092,0.477094024
1093,0.531336178
1094,0.583481391
1095,0.633323869
1096,0.680666907
1097,0.725323664
1098,0.7671179
1099,0.805884672
1100,0.841470985
1101,0.873736397
1102,0.90255357
1103,0.927808777
1104,0.949402346
1105,0.967249058
1106,0.98127848
1107,0.991435244
1108,0.997679266
1109,0.999985904
1110,0.998346054
1111,0.992766189
1112,0.983268329
1113,0.969889958
1114,0.952683874
1115,0.931717983
1116,0.907075026
1117,0.878852258
1118,0.847161063
1119,0.812126509
1120,0.773886863
1121,0.73259304
1122,0.688408006
1123,0.64150614
1124,0.592072543
1125,0.540302306
1126,0.486399742
1127,0.430577581
1128,0.373056127
1129,0.314062391
1130,0.253829194
1131,0.192594249
1132,0.130599223
1133,0.068088781
1134,0.005309624
1135,-0.057490488
1136,-0.120063711
1137,-0.182163097
1138,-0.243543569
1139,-0.303962886
1140,-0.3631826
1141,-0.420968998
1142,-0.477094024
1143,-0.531336178
1144,-0.583481391
1145,-0.633323869
1146,-0.680666907
1147,-0.725323664
1148,-0.7671179
1149,-0.805884672
1150,-0.841470985
1151,-0.873736397
1152,-0.90255357
1153,-0.927808777
1154,-0.949402346
1155,-0.967249058
1156,-0.98127848
1157,-0.991435244
1158,-0.997679266
1159,-0.999985904
1160,-0.998346054
1161,-0.992766189
1162,-0.983268329
1163,-0.969889958
1164,-0.952683874
1165,-0.931717983
1166,-0.907075026
1167,-0.878852258
1168,-0.847161063
1169,-0.812126509
1170,-0.773886863
1171,-0.73259304
1172,-0.688408006
1173,-0.64150614
1174,-0.592072543
1175,-0.540302306
1176,-0.486399742
1177,-0.430577581
1178,-0.373056127
1179,-0.314062391
1180,-0.253829194
1181,-0.192594249
1182,-0.130599223
1183,-0.068088781
1184,-0.005309624
1185,0.057490488
1186,0.120063711
1187,0.182163097
1188,0.243543569
1189,0.303962886
1190,0.3631826
1191,0.420968998
1192,0.477094024
1193,0.531336178
1194,0.583481391
1195,0.633323869
1196,0.680666907
1197,0.725323664
1198,0.7671179
1199,0.805884672
1200,0.841470985
1201,0.873736397
1202,0.90255357
1203,0.927808777
1204,0.949402346
1205,0.967249058
1206,0.98127848
1207,0.991435244
1208,0.997679266
1209,0.999985904
1210,0.998346054
1211,0.992766189
1212,0.983268329
1213,0.969889958
1214,0.952683874
1215,0.931717983
1216,0.907075026
1217,0.878852258
1218,0.847161063
1219,0.812126509
1220,0.773886863
1221,0.73259304
1222,0.688408006
1223,0.64150614
1224,0.592072543
1225,0.540302306
1226,0.486399742
1227,0.430577581
1228,0.373056127
1229,0.314062391
1230,0.253829194
1231,0.192594249
1232,0.130599223
1233,0.068088781
1234,0.005309624
1235,-0.057490488
1236,-0.120063711
1237,-0.182163097
1238,-0.243543569
1239,-0.303962886
1240,-0.3631826
1241,-0.420968998
1242,-0.477094024
1243,-0.531336178
1244,-0.583481391
1245,-0.633323869
1246,-0.680666907
1247,-0.725323664
1248,-0.7671179
1249,-0.805884672
1250,-0.841470985
1251,-0.873736397
1252,-0.90255357
1253,-0.927808777
1254,-0.949402346
1255,-0.967249058
1256,-0.98127848
1257,-0.991435244
1258,-0.997679266
1259,-0.999985904
1260,-0.998346054
1261,-0.992766189
1262,-0.983268329
1263,-0.969889958
1264,-0.952683874
1265,-0.931717983
1266,-0.907075026
1267,-0.878852258
1268,-0.847161063
1269,-0.812126509
1270,-0.773886863
1271,-0.73259304
1272,-0.688408006
1273,-0.64150614
1274,-0.592072543
1275,-0.540302306
1276,-0.486399742
1277,-0.430577581
1278,-0.373056127
1279,-0.314062391
1280,-0.253829194
1281,-0.192594249
1282,-0.130599223
1283,-0.068088781
1284,-0.005309624
1285,0.057490488
1286,0.120063711
1287,0.182163097
1288,0.243543569
1289,0.303962886
1290,0.3631826
1291,0.420968998
1292,0.477094024
1293,0.531336178
1294,0.583481391
1295,0.633323869
1296,0.680666907
1297,0.725323664
1298,0.7671179
1299,0.805884672
1300,0.841470985
1301,0.873736397
1302,0.90255357
1303,0.927808777
1304,0.949402346
1305,0.967249058
1306,0.98127848
1307,0.991435244
1308,0.997679266
1309,0.999985904
1310,0.998346054
1311,0.992766189
1312,0.983268329
1313,0.969889958
1314,0.952683874
1315,0.931717983
1316,0.907075026
1317,0.878852258
1318,0.847161063
1319,0.812126509
1320,0.773886863
1321,0.73259304
1322,0.688408006
1323,0.64150614
1324,0.592072543
1325,0.540302306
1326,0.486399742
1327,0.430577581
1328,0.373056127
1329,0.314062391
1330,0.253829194
1331,0.192594249
1332,0.130599223
1333,0.068088781
1334,0.005309624
1335,-0.057490488
1336,-0.120063711
1337,-0.182163097
1338,-0.243543569
1339,-0.303962886
1340,-0.3631826
1341,-0.420968998
1342,-0.477094024
1343,-0.531336178
1344,-0.583481391
1345,-0.633323869
1346,-0.680666907
1347,-0.725323664
1348,-0.7671179
1349,-0.805884672
1350,-0.841470985
1351,-0.873736397
1352,-0.90255357
1353,-0.927808777
1354,-0.949402346
1355,-0.967249058
1356,-0.98127848
1357,-0.991435244
1358,-0.997679266
1359,-0.999985904
1360,-0.998346054
1361,-0.992766189
1362,-0.983268329
1363,-0.969889958
1364,-0.952683874
1365,-0.931717983
1366,-0.907075026
1367,-0.878852258
1368,-0.847161063
1369,-0.812126509
1370,-0.773886863
1371,-0.73259304
1372,-0.688408006
1373,-0.64150614
1374,-0.592072543
1375,-0.540302306
1376,-0.486399742
1377,-0.430577581
1378,-0.373056127
1379,-0.314062391
1380,-0.253829194
1381,-0.192594249
1382,-0.130599223
1383,-0.068088781
1384,-0.005309624
1385,0.057490488
1386,0.120063711
1387,0.182163097
1388,0.243543569
1389,0.303962886
1390,0.3631826
1391,0.420968998
1392,0.477094024
1393,0.531336178
1394,0.583481391
1395,0.633323869
1396,0.680666907
1397,0.725323664
1398,0.7671179
1399,0.805884672
1400,0.841470985
1401,0.873736397
1402,0.90255357
1403,0.927808777
1404,0.949402346
1405,0.967249058
1406,0.98127848
1407,0.991435244
1408,0.997679266
1409,0.999985904
1410,0.998346054
1411,0.992766189
1412,0.983268329
1413,0.969889958
1414,0.952683874
1415,0.931717983
1416,0.907075026
1417,0.878852258
1418,0.847161063
1419,0.812126509
1420,0.773886863
1421,0.73259304
1422,0.688408006
1423,0.64150614
1424,0.592072543
1425,0.540302306
1426,0.486399742
1427,0.430577581
1428,0.373056127
1429,0.314062391
1430,0.253829194
1431,0.192594249
1432,0.130599223
1433,0.068088781
1434,0.005309624
1435,-0.057490488
1436,-0.120063711
1437,-0.182163097
1438,-0.243543569
1439,-0.303962886
1440,-0.3631826
1441,-0.420968998
1442,-0.477094024
1443,-0.531336178
1444,-0.583481391
1445,-0.633323869
1446,-0.680666907
1447,-0.725323664
1448,-0.7671179
1449,-0.805884672
1450,-0.841470985
1451,-0.873736397
1452,-0.90255357
1453,-0.927808777
1454,-0.949402346
1455,-0.967249058
1456,-0.98127848
1457,-0.991435244
1458,-0.997679266
1459,-0.999985904
1460,-0.998346054
1461,-0.992766189
1462,-0.983268329
1463,-0.969889958
1464,-0.952683874
1465,-0.931717983
1466,-0.907075026
1467,-0.878852258
1468,-0.847161063
1469,-0.812126509
1470,-0.773886863
1471,-0.73259304
1472,-0.688408006
1473,-0.64150614
1474,-0.592072543
1475,-0.540302306
1476,-0.486399742
1477,-0.430577581
1478,-0.373056127
1479,-0.314062391
1480,-0.253829194
1481,-0.192594249
1482,-0.130599223
1483,-0.068088781
1484,-0.005309624
1485,0.057490488
1486,0.120063711
1487,0.182163097
1488,0.243543569
1489,0.303962886
1490,0.3631826
1491,0.420968998
1492,0.477094024
1493,0.531336178
1494,0.583481391
1495,0.633323869
1496,0.680666907
1497,0.725323664
1498,0.7671179
1499,0.805884672
1500,0.841470985
1501,0.873736397
1502,0.90255357
1503,0.927808777
1504,0.949402346
1505,0.967249058
1506,0.98127848
1507,0.991435244
1508,0.997679266
1509,0.999985904
1510,0.998346054
1511,0.992766189
1512,0.983268329
1513,0.969889958
1514,0.952683874
1515,0.931717983
1516,0.907075026
1517,0.878852258
1518,0.847161063
1519,0.812126509
1520,0.773886863
1521,0.73259304
1522,0.688408006
1523,0.64150614
1524,0.592072543
1525,0.540302306
1526,0.486399742
1527,0.430577581
1528,0.373056127
1529,0.314062391
1530,0.253829194
1531,0.192594249
1532,0.130599223
1533,0.068088781
1534,0.005309624
1535,-0.057490488
1536,-0.120063711
1537,-0.182163097
1538,-0.243543569
1539,-0.303962886
1540,-0.3631826
1541,-0.420968998
1542,-0.477094024
1543,-0.531336178
1544,-0.583481391
1545,-0.633323869
1546,-0.680666907
1547,-0.725323664
1548,-0.7671179
1549,-0.805884672
1550,-0.841470985
1551,-0.873736397
1552,-0.90255357
1553,-0.927808777
1554,-0.949402346
1555,-0.967249058
1556,-0.98127848
1557,-0.991435244
1558,-0.997679266
1559,-0.999985904
1560,-0.998346054
1561,-0.992766189
1562,-0.983268329
1563,-0.969889958
1564,-0.952683874
1565,-0.931717983
1566,-0.907075026
1567,-0.878852258
1568,-0.847161063
1569,-0.812126509
1570,-0.773886863
1571,-0.73259304
1572,-0.688408006
1573,-0.64150614
1574,-0.592072543
1575,-0.540302306
1576,-0.486399742
1577,-0.430577581
1578,-0.373056127
1579,-0.314062391
1580,-0.253829194
1581,-0.192594249
1582,-0.130599223
1583,-0.068088781
1584,-0.005309624
1585,0.057490488
1586,0.120063711
1587,0.182163097
1588,0.243543569
1589,0.303962886
1590,0.3631826
1591,0.420968998
1592,0.477094024
1593,0.531336178
1594,0.583481391
1595,0.633323869
1596,0.680666907
1597,0.725323664
1598,0.7671179
1599,0.805884672
1600,0.841470985
1601,0.873736397
1602,0.90255357
1603,0.927808777
1604,0.949402346
1605,0.967249058
1606,0.98127848
1607,0.991435244
1608,0.997679266
1609,0.999985904
1610,0.998346054
1611,0.992766189
1612,0.983268329
1613,0.969889958
1614,0.952683874
1615,0.931717983
1616,0.907075026
1617,0.878852258
1618,0.847161063
1619,0.812126509
1620,0.773886863
1621,0.73259304
1622,0.688408006
1623,0.64150614
1624,0.592072543
1625,0.540302306
1626,0.486399742
1627,0.430577581
1628,0.373056127
1629,0.314062391
1630,0.253829194
1631,0.192594249
1632,0.130599223
1633,0.068088781
1634,0.005309624
1635,-0.057490488
1636,-0.120063711
1637,-0.182163097
1638,-0.243543569
1639,-0.303962886
1640,-0.3631826
1641,-0.420968998
1642,-0.477094024
1643,-0.531336178
1644,-0.583481391
1645,-0.633323869
1646,-0.680666907
1647,-0.725323664
1648,-0.7671179
1649,-0.805884672
1650,-0.841470985
1651,-0.873736397
1652,-0.90255357
1653,-0.927808777
1654,-0.949402346
1655,-0.967249058
1656,-0.98127848
1657,-0.991435244
1658,-0.997679266
1659,-0.999985904
1660,-0.998346054
1661,-0.992766189
1662,-0.983268329
1663,-0.969889958
1664,-0.952683874
1665,-0.931717983
1666,-0.907075026
1667,-0.878852258
1668,-0.847161063
1669,-0.812126509
1670,-0.773886863
1671,-0.73259304
1672,-0.688408006
1673,-0.64150614
1674,-0.592072543
1675,-0.540302306
1676,-0.486399742
1677,-0.430577581
1678,-0.373056127
1679,-0.314062391
1680,-0.253829194
1681,-0.192594249
1682,-0.130599223
1683,-0.068088781
1684,-0.005309624
1685,0.057490488
1686,0.120063711
1687,0.182163097
1688,0.243543569
1689,0.303962886
1690,0.3631826
1691,0.420968998
1692,0.477094024
1693,0.531336178
1694,0.583481391
1695,0.633323869
1696,0.680666907
1697,0.725323664
1698,0.7671179
1699,0.805884672
1700,0.841470985
1701,0.873736397
1702,0.90255357
1703,0.927808777
1704,0.949402346
1705,0.967249058
1706,0.98127848
1707,0.991435244
1708,0.997679266
1709,0.999985904
1710,0.998346054
1711,0.992766189
1712,0.983268329
1713,0.969889958
1714,0.952683874
1715,0.931717983
1716,0.907075026
1717,0.878852258
1718,0.847161063
1719,0.812126509
1720,0.773886863
1721,0.73259304
1722,0.688408006
1723,0.64150614
1724,0.592072543
1725,0.540302306
1726,0.486399742
1727,0.430577581
1728,0.373056127
1729,0.314062391
1730,0.253829194
1731,0.192594249
1732,0.130599223
1733,0.068088781
1734,0.005309624
1735,-0.057490488
1736,-0.120063711
1737,-0.182163097
1738,-0.243543569
1739,-0.303962886
1740,-0.3631826
1741,-0.420968998
1742,-0.477094024
1743,-0.531336178
1744,-0.583481391
1745,-0.633323869
1746,-0.680666907
1747,-0.725323664
1748,-0.7671179
1749,-0.805884672
1750,-0.841470985
1751,-0.873736397
1752,-0.90255357
1753,-0.927808777
1754,-0.949402346
1755,-0.967249058
1756,-0.98127848
1757,-0.991435244
1758,-0.997679266
1759,-0.999985904
1760,-0.998346054
1761,-0.992766189
1762,-0.983268329
1763,-0.969889958
1764,-0.952683874
1765,-0.931717983
1766,-0.907075026
1767,-0.878852258
1768,-0.847161063
1769,-0.812126509
1770,-0.773886863
1771,-0.73259304
1772,-0.688408006
1773,-0.64150614
1774,-0.592072543
1775,-0.540302306
1776,-0.486399742
1777,-0.430577581
1778,-0.373056127
1779,-0.314062391
1780,-0.253829194
1781,-0.192594249
1782,-0.130599223
1783,-0.068088781
1784,-0.005309624
1785,0.057490488
1786,0.120063711
1787,0.182163097
1788,0.243543569
1789,0.303962886
1790,0.3631826
1791,0.420968998
1792,0.477094024
1793,0.531336178
1794,0.583481391
1795,0.633323869
1796,0.680666907
1797,0.725323664
1798,0.7671179
1799,0.805884672
1800,0.841470985
1801,0.873736397
1802,0.90255357
1803,0.927808777
1804,0.949402346
1805,0.967249058
1806,0.98127848
1807,0.991435244
1808,0.997679266
1809,0.999985904
1810,0.998346054
1811,0.992766189
1812,0.983268329
1813,0.969889958
1814,0.952683874
1815,0.931717983
1816,0.907075026
1817,0.878852258
1818,0.847161063
1819,0.812126509
1820,0.773886863
1821,0.73259304
1822,0.688408006
1823,0.64150614
1824,0.592072543
1825,0.540302306
1826,0.486399742
1827,0.430577581
1828,0.373056127
1829,0.314062391
1830,0.253829194
1831,0.192594249
1832,0.130599223
1833,0.068088781
1834,0.005309624
1835,-0.057490488
1836,-0.120063711
1837,-0.182163097
1838,-0.243543569
1839,-0.303962886
1840,-0.3631826
1841,-0.420968998
1842,-0.477094024
1843,-0.531336178
1844,-0.583481391
1845,-0.633323869
1846,-0.680666907
1847,-0.725323664
1848,-0.7671179
1849,-0.805884672
1850,-0.841470985
1851,-0.873736397
1852,-0.90255357
1853,-0.927808777
1854,-0.949402346
1855,-0.967249058
1856,-0.98127848
1857,-0.991435244
1858,-0.997679266
1859,-0.999985904
1860,-0.998346054
1861,-0.992766189
1862,-0.983268329
1863,-0.969889958
1864,-0.952683874
1865,-0.931717983
1866,-0.907075026
1867,-0.878852258
1868,-0.847161063
1869,-0.812126509
1870,-0.773886863
1871,-0.73259304
1872,-0.688408006
1873,-0.64150614
1874,-0.592072543
1875,-0.540302306
1876,-0.486399742
1877,-0.430577581
1878,-0.373056127
1879,-0.314062391
1880,-0.253829194
1881,-0.192594249
1882,-0.130599223
1883,-0.068088781
1884,-0.005309624
1885,0.057490488
1886,0.120063711
1887,0.182163097
1888,0.243543569
1889,0.303962886
1890,0.3631826
1891,0.420968998
1892,0.477094024
1893,0.531336178
1894,0.583481391
1895,0.633323869
1896,0.680666907
1897,0.725323664
1898,0.7671179
1899,0.805884672
1900,0.841470985
1901,0.873736397
1902,0.90255357
1903,0.927808777
1904,0.949402346
1905,0.967249058
1906,0.98127848
1907,0.991435244
1908,0.997679266
1909,0.999985904
1910,0.998346054
1911,0.992766189
1912,0.983268329
1913,0.969889958
1914,0.952683874
1915,0.931717983
1916,0.907075026
1917,0.878852258
1918,0.847161063
1919,0.812126509
1920,0.773886863
1921,0.73259304
1922,0.688408006
1923,0.64150614
1924,0.592072543
1925,0.540302306
1926,0.486399742
1927,0.430577581
1928,0.373056127
1929,0.314062391
1930,0.253829194
1931,0.192594249
1932,0.130599223
1933,0.068088781
1934,0.005309624
1935,-0.057490488
1936,-0.120063711
1937,-0.182163097
1938,-0.243543569
1939,-0.303962886
1940,-0.3631826
1941,-0.420968998
1942,-0.477094024
1943,-0.531336178
1944,-0.583481391
1945,-0.633323869
1946,-0.680666907
1947,-0.725323664
1948,-0.7671179
1949,-0.805884672
1950,-0.841470985
1951,-0.873736397
1952,-0.90255357
1953,-0.927808777
1954,-0.949402346
1955,-0.967249058
1956,-0.98127848
1957,-0.991435244
1958,-0.997679266
1959,-0.999985904
1960,-0.998346054
1961,-0.992766189
1962,-0.983268329
1963,-0.969889958
1964,-0.952683874
1965,-0.931717983
1966,-0.907075026
1967,-0.878852258
1968,-0.847161063
1969,-0.812126509
1970,-0.773886863
1971,-0.73259304
1972,-0.688408006
1973,-0.64150614
1974,-0.592072543
1975,-0.540302306
1976,-0.486399742
1977,-0.430577581
1978,-0.373056127
1979,-0.314062391
1980,-0.253829194
1981,-0.192594249
1982,-0.130599223
1983,-0.068088781
1984,-0.005309624
1985,0.057490488
1986,0.120063711
1987,0.182163097
1988,0.243543569
1989,0.303962886
1990,0.3631826
1991,0.420968998
1992,0.477094024
1993,0.531336178
1994,0.583481391
1995,0.633323869
1996,0.680666907
1997,0.725323664
1998,0.7671179
1999,0.805884672
2000,0.841470985
2001,0.873736397
2002,0.90255357
2003,0.927808777
2004,0.949402346
2005,0.967249058
2006,0.98127848
2007,0.991435244
2008,0.997679266
2009,0.999985904
2010,0.998346054
2011,0.992766189
2012,0.983268329
2013,0.969889958
2014,0.952683874
2015,0.931717983
2016,0.907075026
2017,0.878852258
2018,0.847161063
2019,0.812126509
2020,0.773886863
2021,0.73259304
2022,0.688408006
2023,0.64150614
2024,0.592072543
2025,0.540302306
2026,0.486399742
2027,0.430577581
2028,0.373056127
2029,0.314062391
2030,0.253829194
2031,0.192594249
2032,0.130599223
2033,0.068088781
2034,0.005309624
2035,-0.057490488
2036,-0.120063711
2037,-0.182163097
2038,-0.243543569
2039,-0.303962886
2040,-0.3631826
2041,-0.420968998
2042,-0.477094024
2043,-0.531336178
2044,-0.583481391
2045,-0.633323869
2046,-0.680666907
2047,-0.725323664
2048,-0.7671179
2049,-0.805884672
2050,-0.841470985
2051,-0.873736397
2052,-0.90255357
2053,-0.927808777
2054,-0.949402346
2055,-0.967249058
2056,-0.98127848
2057,-0.991435244
2058,-0.997679266
2059,-0.999985904
2060,-0.998346054
2061,-0.992766189
2062,-0.983268329
2063,-0.969889958
2064,-0.952683874
2065,-0.931717983
2066,-0.907075026
2067,-0.878852258
2068,-0.847161063
2069,-0.812126509
2070,-0.773886863
2071,-0.73259304
2072,-0.688408006
2073,-0.64150614
2074,-0.592072543
2075,-0.540302306
2076,-0.486399742
2077,-0.430577581
2078,-0.373056127
2079,-0.314062391
2080,-0.253829194
2081,-0.192594249
2082,-0.130599223
2083,-0.068088781
2084,-0.005309624
2085,0.057490488
2086,0.120063711
2087,0.182163097
2088,0.243543569
2089,0.303962886
2090,0.3631826
2091,0.420968998
2092,0.477094024
2093,0.531336178
2094,0.583481391
2095,0.633323869
2096,0.680666907
2097,0.725323664
2098,0.7671179
2099,0.805884672
2100,0.841470985
2101,0.873736397
2102,0.90255357
2103,0.927808777
2104,0.949402346
2105,0.967249058
2106,0.98127848
2107,0.991435244
2108,0.997679266
2109,0.999985904
2110,0.998346054
2111,0.992766189
2112,0.983268329
2113,0.969889958
2114,0.952683874
2115,0.931717983
2116,0.907075026
2117,0.878852258
2118,0.847161063
2119,0.812126509
2120,0.773886863
2121,0.73259304
2122,0.688408006
2123,0.64150614
2124,0.592072543
2125,0.540302306
2126,0.486399742
2127,0.430577581
2128,0.373056127
2129,0.314062391
2130,0.253829194
2131,0.192594249
2132,0.130599223
2133,0.068088781
2134,0.005309624
2135,-0.057490488
2136,-0.120063711
2137,-0.182163097
2138,-0.243543569
2139,-0.303962886
2140,-0.3631826
2141,-0.420968998
2142,-0.477094024
2143,-0.531336178
2144,-0.583481391
2145,-0.633323869
2146,-0.680666907
2147,-0.725323664
2148,-0.7671179
2149,-0.805884672
2150,-0.841470985
2151,-0.873736397
2152,-0.90255357
2153,-0.927808777
2154,-0.949402346
2155,-0.967249058
2156,-0.98127848
2157,-0.991435244
2158,-0.997679266
2159,-0.999985904
2160,-0.998346054
2161,-0.992766189
2162,-0.983268329
2163,-0.969889958
2164,-0.952683874
2165,-0.931717983
2166,-0.907075026
2167,-0.878852258
2168,-0.847161063
2169,-0.812126509
2170,-0.773886863
2171,-0.73259304
2172,-0.688408006
2173,-0.64150614
2174,-0.592072543
2175,-0.540302306
2176,-0.486399742
2177,-0.430577581
2178,-0.373056127
2179,-0.314062391
2180,-0.253829194
2181,-0.192594249
2182,-0.130599223
2183,-0.068088781
2184,-0.005309624
2185,0.057490488
2186,0.120063711
2187,0.182163097
2188,0.243543569
2189,0.303962886
2190,0.3631826
2191,0.420968998
2192,0.477094024
2193,0.531336178
2194,0.583481391
2195,0.633323869
2196,0.680666907
2197,0.725323664
2198,0.7671179
2199,0.805884672
2200,0.841470985
2201,0.873736397
2202,0.90255357
2203,0.927808777
2204,0.949402346
2205,0.967249058
2206,0.98127848
2207,0.991435244
2208,0.997679266
2209,0.999985904
2210,0.998346054
2211,0.992766189
2212,0.983268329
2213,0.969889958
2214,0.952683874
2215,0.931717983
2216,0.907075026
2217,0.878852258
2218,0.847161063
2219,0.812126509
2220,0.773886863
2221,0.73259304
2222,0.688408006
2223,0.64150614
2224,0.592072543
2225,0.540302306
2226,0.486399742
2227,0.430577581
2228,0.373056127
2229,0.314062391
2230,0.253829194
2231,0.192594249
2232,0.130599223
2233,0.068088781
2234,0.005309624
2235,-0.057490488
2236,-0.120063711
2237,-0.182163097
2238,-0.243543569
2239,-0.303962886
2240,-0.3631826
2241,-0.420968998
2242,-0.477094024
2243,-0.531336178
2244,-0.583481391
2245,-0.633323869
2246,-0.680666907
2247,-0.725323664
2248,-0.7671179
2249,-0.805884672
2250,-0.841470985
2251,-0.873736397
2252,-0.90255357
2253,-0.927808777
2254,-0.949402346
2255,-0.967249058
2256,-0.98127848
2257,-0.991435244
2258,-0.997679266
2259,-0.999985904
2260,-0.998346054
2261,-0.992766189
2262,-0.983268329
2263,-0.969889958
2264,-0.952683874
2265,-0.931717983
2266,-0.907075026
2267,-0.878852258
2268,-0.847161063
2269,-0.812126509
2270,-0.773886863
2271,-0.73259304
2272,-0.688408006
2273,-0.64150614
2274,-0.592072543
2275,-0.540302306
2276,-0.486399742
2277,-0.430577581
2278,-0.373056127
2279,-0.314062391
2280,-0.253829194
2281,-0.192594249
2282,-0.130599223
2283,-0.068088781
2284,-0.005309624
2285,0.057490488
2286,0.120063711
2287,0.182163097
2288,0.243543569
2289,0.303962886
2290,0.3631826
2291,0.420968998
2292,0.477094024
2293,0.531336178
2294,0.583481391
2295,0.633323869
2296,0.680666907
2297,0.725323664
2298,0.7671179
2299,0.805884672
2300,0.841470985
2301,0.873736397
2302,0.90255357
2303,0.927808777
2304,0.949402346
2305,0.967249058
2306,0.98127848
2307,0.991435244
2308,0.997679266
2309,0.999985904
2310,0.998346054
2311,0.992766189
2312,0.983268329
2313,0.969889958
2314,0.952683874
2315,0.931717983
2316,0.907075026
2317,0.878852258
2318,0.847161063
2319,0.812126509
2320,0.773886863
2321,0.73259304
2322,0.688408006
2323,0.64150614
2324,0.592072543
2325,0.540302306
2326,0.486399742
2327,0.430577581
2328,0.373056127
2329,0.314062391
2330,0.253829194
2331,0.192594249
2332,0.130599223
2333,0.068088781
2334,0.005309624
2335,-0.057490488
2336,-0.120063711
2337,-0.182163097
2338,-0.243543569
2339,-0.303962886
2340,-0.3631826
2341,-0.420968998
2342,-0.477094024
2343,-0.531336178
2344,-0.583481391
2345,-0.633323869
2346,-0.680666907
2347,-0.725323664
2348,-0.7671179
2349,-0.805884672
2350,-0.841470985
2351,-0.873736397
2352,-0.90255357
2353,-0.927808777
2354,-0.949402346
2355,-0.967249058
2356,-0.98127848
2357,-0.991435244
2358,-0.997679266
2359,-0.999985904
2360,-0.998346054
2361,-0.992766189
2362,-0.983268329
2363,-0.969889958
2364,-0.952683874
2365,-0.931717983
2366,-0.907075026
2367,-0.878852258
2368,-0.847161063
2369,-0.812126509
2370,-0.773886863
2371,-0.73259304
2372,-0.688408006
2373,-0.64150614
2374,-0.592072543
2375,-0.540302306
2376,-0.486399742
2377,-0.430577581
2378,-0.373056127
2379,-0.314062391
2380,-0.253829194
2381,-0.192594249
2382,-0.130599223
2383,-0.068088781
2384,-0.005309624
2385,0.057490488
2386,0.120063711
2387,0.182163097
2388,0.243543569
2389,0.303962886
2390,0.3631826
2391,0.420968998
2392,0.477094024
2393,0.531336178
2394,0.583481391
2395,0.633323869
2396,0.680666907
2397,0.725323664
2398,0.7671179
2399,0.805884672
2400,0.841470985
2401,0.873736397
2402,0.90255357
2403,0.927808777
2404,0.949402346
2405,0.967249058
2406,0.98127848
2407,0.991435244
2408,0.997679266
2409,0.999985904
2410,0.998346054
2411,0.992766189
2412,0.983268329
2413,0.969889958
2414,0.952683874
2415,0.931717983
2416,0.907075026
2417,0.878852258
2418,0.847161063
2419,0.812126509
2420,0.773886863
2421,0.73259304
2422,0.688408006
2423,0.64150614
2424,0.592072543
2425,0.540302306
2426,0.486399742
2427,0.430577581
2428,0.373056127
2429,0.314062391
2430,0.253829194
2431,0.192594249
2432,0.130599223
2433,0.068088781
2434,0.005309624
2435,-0.057490488
2436,-0.120063711
2437,-0.182163097
2438,-0.243543569
2439,-0.303962886
2440,-0.3631826
2441,-0.420968998
2442,-0.477094024
2443,-0.531336178
2444,-0.583481391
2445,-0.633323869
2446,-0.680666907
2447,-0.725323664
2448,-0.7671179
2449,-0.805884672
2450,-0.841470985
2451,-0.873736397
2452,-0.90255357
2453,-0.927808777
2454,-0.949402346
2455,-0.967249058
2456,-0.98127848
2457,-0.991435244
2458,-0.997679266
2459,-0.999985904
2460,-0.998346054
2461,-0.992766189
2462,-0.983268329
2463,-0.969889958
2464,-0.952683874
2465,-0.931717983
2466,-0.907075026
2467,-0.878852258
2468,-0.847161063
2469,-0.812126509
2470,-0.773886863
2471,-0.73259304
2472,-0.688408006
2473,-0.64150614
2474,-0.592072543
2475,-0.540302306
2476,-0.486399742
2477,-0.430577581
2478,-0.373056127
2479,-0.314062391
2480,-0.253829194
2481,-0.192594249
2482,-0.130599223
2483,-0.068088781
2484,-0.005309624
2485,0.057490488
2486,0.120063711
2487,0.182163097
2488,0.243543569
2489,0.303962886
2490,0.3631826
2491,0.420968998
2492,0.477094024
2493,0.531336178
2494,0.583481391
2495,0.633323869
2496,0.680666907
2497,0.725323664
2498,0.7671179
2499,0.805884672
2500,0.841470985
2501,0.873736397
2502,0.90255357
2503,0.927808777
2504,0.949402346
2505,0.967249058
2506,0.98127848
2507,0.991435244
2508,0.997679266
2509,0.999985904
2510,0.998346054
2511,0.992766189
2512,0.983268329
2513,0.969889958
2514,0.952683874
2515,0.931717983
2516,0.907075026
2517,0.878852258
2518,0.847161063
2519,0.812126509
2520,0.773886863
2521,0.73259304
2522,0.688408006
2523,0.64150614
2524,0.592072543
2525,0.540302306
2526,0.486399742
2527,0.430577581
2528,0.373056127
2529,0.314062391
2530,0.253829194
2531,0.192594249
2532,0.130599223
2533,0.068088781
2534,0.005309624
2535,-0.057490488
2536,-0.120063711
2537,-0.182163097
2538,-0.243543569
2539,-0.303962886
2540,-0.3631826
2541,-0.420968998
2542,-0.477094024
2543,-0.531336178
2544,-0.583481391
2545,-0.633323869
2546,-0.680666907
2547,-0.725323664
2548,-0.7671179
2549,-0.805884672
2550,-0.841470985
2551,-0.873736397
2552,-0.90255357
2553,-0.927808777
2554,-0.949402346
2555,-0.967249058
2556,-0.98127848
2557,-0.991435244
2558,-0.997679266
2559,-0.999985904
2560,-0.998346054
2561,-0.992766189
2562,-0.983268329
2563,-0.969889958
2564,-0.952683874
2565,-0.931717983
2566,-0.907075026
2567,-0.878852258
2568,-0.847161063
2569,-0.812126509
2570,-0.773886863
2571,-0.73259304
2572,-0.688408006
2573,-0.64150614
2574,-0.592072543
2575,-0.540302306
2576,-0.486399742
2577,-0.430577581
2578,-0.373056127
2579,-0.314062391
2580,-0.253829194
2581,-0.192594249
2582,-0.130599223
2583,-0.068088781
2584,-0.005309624
2585,0.057490488
2586,0.120063711
2587,0.182163097
2588,0.243543569
2589,0.303962886
2590,0.3631826
2591,0.420968998
2592,0.477094024
2593,0.531336178
2594,0.583481391
2595,0.633323869
2596,0.680666907
2597,0.725323664
2598,0.7671179
2599,0.805884672
2600,0.841470985
2601,0.873736397
2602,0.90255357
2603,0.927808777
2604,0.949402346
2605,0.967249058
2606,0.98127848
2607,0.991435244
2608,0.997679266
2609,0.999985904
2610,0.998346054
2611,0.992766189
2612,0.983268329
2613,0.969889958
2614,0.952683874
2615,0.931717983
2616,0.907075026
2617,0.878852258
2618,0.847161063
2619,0.812126509
2620,0.773886863
2621,0.73259304
2622,0.688408006
2623,0.64150614
2624,0.592072543
2625,0.540302306
2626,0.486399742
2627,0.430577581
2628,0.373056127
2629,0.314062391
2630,0.253829194
2631,0.192594249
2632,0.130599223
2633,0.068088781
2634,0.005309624
2635,-0.057490488
2636,-0.120063711
2637,-0.182163097
2638,-0.243543569
2639,-0.303962886
2640,-0.3631826
2641,-0.420968998
2642,-0.477094024
2643,-0.531336178
2644,-0.583481391
2645,-0.633323869
2646,-0.680666907
2647,-0.725323664
2648,-0.7671179
2649,-0.805884672
2650,-0.841470985
2651,-0.873736397
2652,-0.90255357
2653,-0.927808777
2654,-0.949402346
2655,-0.967249058
2656,-0.98127848
2657,-0.991435244
2658,-0.997679266
2659,-0.999985904
2660,-0.998346054
2661,-0.992766189
2662,-0.983268329
2663,-0.969889958
2664,-0.952683874
2665,-0.931717983
2666,-0.907075026
2667,-0.878852258
2668,-0.847161063
2669,-0.812126509
2670,-0.773886863
2671,-0.73259304
2672,-0.688408006
2673,-0.64150614
2674,-0.592072543
2675,-0.540302306
2676,-0.486399742
2677,-0.430577581
2678,-0.373056127
2679,-0.314062391
2680,-0.253829194
2681,-0.192594249
2682,-0.130599223
2683,-0.068088781
2684,-0.005309624
2685,0.057490488
2686,0.120063711
2687,0.182163097
2688,0.243543569
2689,0.303962886
2690,0.3631826
2691,0.420968998
2692,0.477094024
2693,0.531336178
2694,0.583481391
2695,0.633323869
2696,0.680666907
2697,0.725323664
2698,0.7671179
2699,0.805884672
2700,0.841470985
2701,0.873736397
2702,0.90255357
2703,0.927808777
2704,0.949402346
2705,0.967249058
2706,0.98127848
2707,0.991435244
2708,0.997679266
2709,0.999985904
2710,0.998346054
2711,0.992766189
2712,0.983268329
2713,0.969889958
2714,0.952683874
2715,0.931717983
2716,0.907075026
2717,0.878852258
2718,0.847161063
2719,0.812126509
2720,0.773886863
2721,0.73259304
2722,0.688408006
2723,0.64150614
2724,0.592072543
2725,0.540302306
2726,0.486399742
2727,0.430577581
2728,0.373056127
2729,0.314062391
2730,0.253829194
2731,0.192594249
2732,0.130599223
2733,0.068088781
2734,0.005309624
2735,-0.057490488
2736,-0.120063711
2737,-0.182163097
2738,-0.243543569
2739,-0.303962886
2740,-0.3631826
2741,-0.420968998
2742,-0.477094024
2743,-0.531336178
2744,-0.583481391
2745,-0.633323869
2746,-0.680666907
2747,-0.725323664
2748,-0.7671179
2749,-0.805884672
2750,-0.841470985
2751,-0.873736397
2752,-0.90255357
2753,-0.927808777
2754,-0.949402346
2755,-0.967249058
2756,-0.98127848
2757,-0.991435244
2758,-0.997679266
2759,-0.999985904
2760,-0.998346054
2761,-0.992766189
2762,-0.983268329
2763,-0.969889958
2764,-0.952683874
2765,-0.931717983
2766,-0.907075026
2767,-0.878852258
2768,-0.847161063
2769,-0.812126509
2770,-0.773886863
2771,-0.73259304
2772,-0.688408006
2773,-0.64150614
2774,-0.592072543
2775,-0.540302306
2776,-0.486399742
2777,-0.430577581
2778,-0.373056127
2779,-0.314062391
2780,-0.253829194
2781,-0.192594249
2782,-0.130599223
2783,-0.068088781
2784,-0.005309624
2785,0.057490488
2786,0.120063711
2787,0.182163097
2788,0.243543569
2789,0.303962886
2790,0.3631826
2791,0.420968998
2792,0.477094024
2793,0.531336178
2794,0.583481391
2795,0.633323869
2796,0.680666907
2797,0.725323664
2798,0.7671179
2799,0.805884672
2800,0.841470985
2801,0.873736397
2802,0.90255357
2803,0.927808777
2804,0.949402346
2805,0.967249058
2806,0.98127848
2807,0.991435244
2808,0.997679266
2809,0.999985904
2810,0.998346054
2811,0.992766189
2812,0.983268329
2813,0.969889958
2814,0.952683874
2815,0.931717983
2816,0.907075026
2817,0.878852258
2818,0.847161063
2819,0.812126509
2820,0.773886863
2821,0.73259304
2822,0.688408006
2823,0.64150614
2824,0.592072543
2825,0.540302306
2826,0.486399742
2827,0.430577581
2828,0.373056127
2829,0.314062391
2830,0.253829194
2831,0.192594249
2832,0.130599223
2833,0.068088781
2834,0.005309624
2835,-0.057490488
2836,-0.120063711
2837,-0.182163097
2838,-0.243543569
2839,-0.303962886
2840,-0.3631826
2841,-0.420968998
2842,-0.477094024
2843,-0.531336178
2844,-0.583481391
2845,-0.633323869
2846,-0.680666907
2847,-0.725323664
2848,-0.7671179
2849,-0.805884672
2850,-0.841470985
2851,-0.873736397
2852,-0.90255357
2853,-0.927808777
2854,-0.949402346
2855,-0.967249058
2856,-0.98127848
2857,-0.991435244
2858,-0.997679266
2859,-0.999985904
2860,-0.998346054
2861,-0.992766189
2862,-0.983268329
2863,-0.969889958
2864,-0.952683874
2865,-0.931717983
2866,-0.907075026
2867,-0.878852258
2868,-0.847161063
2869,-0.812126509
2870,-0.773886863
2871,-0.73259304
2872,-0.688408006
2873,-0.64150614
2874,-0.592072543
2875,-0.540302306
2876,-0.486399742
2877,-0.430577581
2878,-0.373056127
2879,-0.314062391
2880,-0.253829194
2881,-0.192594249
2882,-0.130599223
2883,-0.068088781
2884,-0.005309624
2885,0.057490488
2886,0.120063711
2887,0.182163097
2888,0.243543569
2889,0.303962886
2890,0.3631826
2891,0.420968998
2892,0.477094024
2893,0.531336178
2894,0.583481391
2895,0.633323869
2896,0.680666907
2897,0.725323664
2898,0.7671179
2899,0.805884672
2900,0.841470985
2901,0.873736397
2902,0.90255357
2903,0.927808777
2904,0.949402346
2905,0.967249058
2906,0.98127848
2907,0.991435244
2908,0.997679266
2909,0.999985904
2910,0.998346054
2911,0.992766189
2912,0.983268329
2913,0.969889958
2914,0.952683874
2915,0.931717983
2916,0.907075026
2917,0.878852258
2918,0.847161063
2919,0.812126509
2920,0.773886863
2921,0.73259304
2922,0.688408006
2923,0.64150614
2924,0.592072543
2925,0.540302306
2926,0.486399742
2927,0.430577581
2928,0.373056127
2929,0.314062391
2930,0.253829194
2931,0.192594249
2932,0.130599223
2933,0.068088781
2934,0.005309624
2935,-0.057490488
2936,-0.120063711
2937,-0.182163097
2938,-0.243543569
2939,-0.303962886
2940,-0.3631826
2941,-0.420968998
2942,-0.477094024
2943,-0.531336178
2944,-0.583481391
2945,-0.633323869
2946,-0.680666907
2947,-0.725323664
2948,-0.7671179
2949,-0.805884672
2950,-0.841470985
2951,-0.873736397
2952,-0.90255357
2953,-0.927808777
2954,-0.949402346
2955,-0.967249058
2956,-0.98127848
2957,-0.991435244
2958,-0.997679266
2959,-0.999985904
2960,-0.998346054
2961,-0.992766189
2962,-0.983268329
2963,-0.969889958
2964,-0.952683874
2965,-0.931717983
2966,-0.907075026
2967,-0.878852258
2968,-0.847161063
2969,-0.812126509
2970,-0.773886863
2971,-0.73259304
2972,-0.688408006
2973,-0.64150614
2974,-0.592072543
2975,-0.540302306
2976,-0.486399742
2977,-0.430577581
2978,-0.373056127
2979,-0.314062391
2980,-0.253829194
2981,-0.192594249
2982,-0.130599223
2983,-0.068088781
2984,-0.005309624
2985,0.057490488
2986,0.120063711
2987,0.182163097
2988,0.243543569
2989,0.303962886
2990,0.3631826
2991,0.420968998
2992,0.477094024
2993,0.531336178
2994,0.583481391
2995,0.633323869
2996,0.680666907
2997,0.725323664
2998,0.7671179
2999,0.805884672
3000,0.841470985
3001,0.873736397
3002,0.90255357
3003,0.927808777
3004,0.949402346
3005,0.967249058
3006,0.98127848
3007,0.991435244
3008,0.997679266
3009,0.999985904
3010,0.998346054
3011,0.992766189
3012,0.983268329
3013,0.969889958
3014,0.952683874
3015,0.931717983
3016,0.907075026
3017,0.878852258
3018,0.847161063
3019,0.812126509
3020,0.773886863
3021,0.73259304
3022,0.688408006
3023,0.64150614
3024,0.592072543
3025,0.540302306
3026,0.486399742
3027,0.430577581
3028,0.373056127
3029,0.314062391
3030,0.253829194
3031,0.192594249
3032,0.130599223
3033,0.068088781
3034,0.005309624
3035,-0.057490488
3036,-0.120063711
3037,-0.182163097
3038,-0.243543569
3039,-0.303962886
3040,-0.3631826
3041,-0.420968998
3042,-0.477094024
3043,-0.531336178
3044,-0.583481391
3045,-0.633323869
3046,-0.680666907
3047,-0.725323664
3048,-0.7671179
3049,-0.805884672
3050,-0.841470985
3051,-0.873736397
3052,-0.90255357
3053,-0.927808777
3054,-0.949402346
3055,-0.967249058
3056,-0.98127848
3057,-0.991435244
3058,-0.997679266
3059,-0.999985904
3060,-0.998346054
3061,-0.992766189
3062,-0.983268329
3063,-0.969889958
3064,-0.952683874
3065,-0.931717983
3066,-0.907075026
3067,-0.878852258
3068,-0.847161063
3069,-0.812126509
3070,-0.773886863
3071,-0.73259304
3072,-0.688408006
3073,-0.64150614
3074,-0.592072543
3075,-0.540302306
3076,-0.486399742
3077,-0.430577581
3078,-0.373056127
3079,-0.314062391
3080,-0.253829194
3081,-0.192594249
3082,-0.130599223
3083,-0.068088781
3084,-0.005309624
3085,0.057490488
3086,0.120063711
3087,0.182163097
3088,0.243543569
3089,0.303962886
3090,0.3631826
3091,0.420968998
3092,0.477094024
3093,0.531336178
3094,0.583481391
3095,0.633323869
3096,0.680666907
3097,0.725323664
3098,0.7671179
3099,0.805884672
3100,0.841470985
3101,0.873736397
3102,0.90255357
3103,0.927808777
3104,0.949402346
3105,0.967249058
3106,0.98127848
3107,0.991435244
3108,0.997679266
3109,0.999985904
3110,0.998346054
3111,0.992766189
3112,0.983268329
3113,0.969889958
3114,0.952683874
3115,0.931717983
3116,0.907075026
3117,0.878852258
3118,0.847161063
3119,0.812126509
3120,0.773886863
3121,0.73259304
3122,0.688408006
3123,0.64150614
3124,0.592072543
3125,0.540302306
3126,0.486399742
3127,0.430577581
3128,0.373056127
3129,0.314062391
3130,0.253829194
3131,0.192594249
3132,0.130599223
3133,0.068088781
3134,0.005309624
3135,-0.057490488
3136,-0.120063711
3137,-0.182163097
3138,-0.243543569
3139,-0.303962886
3140,-0.3631826
3141,-0.420968998
3142,-0.477094024
3143,-0.531336178
3144,-0.583481391
3145,-0.633323869
3146,-0.680666907
3147,-0.725323664
3148,-0.7671179
3149,-0.805884672
3150,-0.841470985
3151,-0.873736397
3152,-0.90255357
3153,-0.927808777
3154,-0.949402346
3155,-0.967249058
3156,-0.98127848
3157,-0.991435244
3158,-0.997679266
3159,-0.999985904
3160,-0.998346054
3161,-0.992766189
3162,-0.983268329
3163,-0.969889958
3164,-0.952683874
3165,-0.931717983
3166,-0.907075026
3167,-0.878852258
3168,-0.847161063
3169,-0.812126509
3170,-0.773886863
3171,-0.73259304
3172,-0.688408006
3173,-0.64150614
3174,-0.592072543
3175,-0.540302306
3176,-0.486399742
3177,-0.430577581
3178,-0.373056127
3179,-0.314062391
3180,-0.253829194
3181,-0.192594249
3182,-0.130599223
3183,-0.068088781
3184,-0.005309624
3185,0.057490488
3186,0.120063711
3187,0.182163097
3188,0.243543569
3189,0.303962886
3190,0.3631826
3191,0.420968998
3192,0.477094024
3193,0.531336178
3194,0.583481391
3195,0.633323869
3196,0.680666907
3197,0.725323664
3198,0.7671179
3199,0.805884672
3200,0.841470985
3201,0.873736397
3202,0.90255357
3203,0.927808777
3204,0.949402346
3205,0.967249058
3206,0.98127848
3207,0.991435244
3208,0.997679266
3209,0.999985904
3210,0.998346054
3211,0.992766189
3212,0.983268329
3213,0.969889958
3214,0.952683874
3215,0.931717983
3216,0.907075026
3217,0.878852258
3218,0.847161063
3219,0.812126509
3220,0.773886863
3221,0.73259304
3222,0.688408006
3223,0.64150614
3224,0.592072543
3225,0.540302306
3226,0.486399742
3227,0.430577581
3228,0.373056127
3229,0.314062391
3230,0.253829194
3231,0.192594249
3232,0.130599223
3233,0.068088781
3234,0.005309624
3235,-0.057490488
3236,-0.120063711
3237,-0.182163097
3238,-0.243543569
3239,-0.303962886
3240,-0.3631826
3241,-0.420968998
3242,-0.477094024
3243,-0.531336178
3244,-0.583481391
3245,-0.633323869
3246,-0.680666907
3247,-0.725323664
3248,-0.7671179
3249,-0.805884672
3250,-0.841470985
3251,-0.873736397
3252,-0.90255357
3253,-0.927808777
3254,-0.949402346
3255,-0.967249058
3256,-0.98127848
3257,-0.991435244
3258,-0.997679266
3259,-0.999985904
3260,-0.998346054
3261,-0.992766189
3262,-0.983268329
3263,-0.969889958
3264,-0.952683874
3265,-0.931717983
3266,-0.907075026
3267,-0.878852258
3268,-0.847161063
3269,-0.812126509
3270,-0.773886863
3271,-0.73259304
3272,-0.688408006
3273,-0.64150614
3274,-0.592072543
3275,-0.540302306
3276,-0.486399742
3277,-0.430577581
3278,-0.373056127
3279,-0.314062391
3280,-0.253829194
3281,-0.192594249
3282,-0.130599223
3283,-0.068088781
3284,-0.005309624
3285,0.057490488
3286,0.120063711
3287,0.182163097
3288,0.243543569
3289,0.303962886
3290,0.3631826
3291,0.420968998
3292,0.477094024
3293,0.531336178
3294,0.583481391
3295,0.633323869
3296,0.680666907
3297,0.725323664
3298,0.7671179
3299,0.805884672
3300,0.841470985
3301,0.873736397
3302,0.90255357
3303,0.927808777
3304,0.949402346
3305,0.967249058
3306,0.98127848
3307,0.991435244
3308,0.997679266
3309,0.999985904
3310,0.998346054
3311,0.992766189
3312,0.983268329
3313,0.969889958
3314,0.952683874
3315,0.931717983
3316,0.907075026
3317,0.878852258
3318,0.847161063
3319,0.812126509
3320,0.773886863
3321,0.73259304
3322,0.688408006
3323,0.64150614
3324,0.592072543
3325,0.540302306
3326,0.486399742
3327,0.430577581
3328,0.373056127
3329,0.314062391
3330,0.253829194
3331,0.192594249
3332,0.130599223
3333,0.068088781
3334,0.005309624
3335,-0.057490488
3336,-0.120063711
3337,-0.182163097
3338,-0.243543569
3339,-0.303962886
3340,-0.3631826
3341,-0.420968998
3342,-0.477094024
3343,-0.531336178
3344,-0.583481391
3345,-0.633323869
3346,-0.680666907
3347,-0.725323664
3348,-0.7671179
3349,-0.805884672
3350,-0.841470985
3351,-0.873736397
3352,-0.90255357
3353,-0.927808777
3354,-0.949402346
3355,-0.967249058
3356,-0.98127848
3357,-0.991435244
3358,-0.997679266
3359,-0.999985904
3360,-0.998346054
3361,-0.992766189
3362,-0.983268329
3363,-0.969889958
3364,-0.952683874
3365,-0.931717983
3366,-0.907075026
3367,-0.878852258
3368,-0.847161063
3369,-0.812126509
3370,-0.773886863
3371,-0.73259304
3372,-0.688408006
3373,-0.64150614
3374,-0.592072543
3375,-0.540302306
3376,-0.486399742
3377,-0.430577581
3378,-0.373056127
3379,-0.314062391
3380,-0.253829194
3381,-0.192594249
3382,-0.130599223
3383,-0.068088781
3384,-0.005309624
3385,0.057490488
3386,0.120063711
3387,0.182163097
3388,0.243543569
3389,0.303962886
3390,0.3631826
3391,0.420968998
3392,0.477094024
3393,0.531336178
3394,0.583481391
3395,0.633323869
3396,0.680666907
3397,0.725323664
3398,0.7671179
3399,0.805884672
3400,0.841470985
3401,0.873736397
3402,0.90255357
3403,0.927808777
3404,0.949402346
3405,0.967249058
3406,0.98127848
3407,0.991435244
3408,0.997679266
3409,0.999985904
3410,0.998346054
3411,0.992766189
3412,0.983268329
3413,0.969889958
3414,0.952683874
3415,0.931717983
3416,0.907075026
3417,0.878852258
3418,0.847161063
3419,0.812126509
3420,0.773886863
3421,0.73259304
3422,0.688408006
3423,0.64150614
3424,0.592072543
3425,0.540302306
3426,0.486399742
3427,0.430577581
3428,0.373056127
3429,0.314062391
3430,0.253829194
3431,0.192594249
3432,0.130599223
3433,0.068088781
3434,0.005309624
3435,-0.057490488
3436,-0.120063711
3437,-0.182163097
3438,-0.243543569
3439,-0.303962886
3440,-0.3631826
3441,-0.420968998
3442,-0.477094024
3443,-0.531336178
3444,-0.583481391
3445,-0.633323869
3446,-0.680666907
3447,-0.725323664
3448,-0.7671179
3449,-0.805884672
3450,-0.841470985
3451,-0.873736397
3452,-0.90255357
3453,-0.927808777
3454,-0.949402346
3455,-0.967249058
3456,-0.98127848
3457,-0.991435244
3458,-0.997679266
3459,-0.999985904
3460,-0.998346054
3461,-0.992766189
3462,-0.983268329
3463,-0.969889958
3464,-0.952683874
3465,-0.931717983
3466,-0.907075026
3467,-0.878852258
3468,-0.847161063
3469,-0.812126509
3470,-0.773886863
3471,-0.73259304
3472,-0.688408006
3473,-0.64150614
3474,-0.592072543
3475,-0.540302306
3476,-0.486399742
3477,-0.430577581
3478,-0.373056127
3479,-0.314062391
3480,-0.253829194
3481,-0.192594249
3482,-0.130599223
3483,-0.068088781
3484,-0.005309624
3485,0.057490488
3486,0.120063711
3487,0.182163097
3488,0.243543569
3489,0.303962886
3490,0.3631826
3491,0.420968998
3492,0.477094024
3493,0.531336178
3494,0.583481391
3495,0.633323869
3496,0.680666907
3497,0.725323664
3498,0.7671179
3499,0.805884672
3500,0.841470985
3501,0.873736397
3502,0.90255357
3503,0.927808777
3504,0.949402346
3505,0.967249058
3506,0.98127848
3507,0.991435244
3508,0.997679266
3509,0.999985904
3510,0.998346054
3511,0.992766189
3512,0.983268329
3513,0.969889958
3514,0.952683874
3515,0.931717983
3516,0.907075026
3517,0.878852258
3518,0.847161063
3519,0.812126509
3520,0.773886863
3521,0.73259304
3522,0.688408006
3523,0.64150614
3524,0.592072543
3525,0.540302306
3526,0.486399742
3527,0.430577581
3528,0.373056127
3529,0.314062391
3530,0.253829194
3531,0.192594249
3532,0.130599223
3533,0.068088781
3534,0.005309624
3535,-0.057490488
3536,-0.120063711
3537,-0.182163097
3538,-0.243543569
3539,-0.303962886
3540,-0.3631826
3541,-0.420968998
3542,-0.477094024
3543,-0.531336178
3544,-0.583481391
3545,-0.633323869
3546,-0.680666907
3547,-0.725323664
3548,-0.7671179
3549,-0.805884672
3550,-0.841470985
3551,-0.873736397
3552,-0.90255357
3553,-0.927808777
3554,-0.949402346
3555,-0.967249058
3556,-0.98127848
3557,-0.991435244
3558,-0.997679266
3559,-0.999985904
3560,-0.998346054
3561,-0.992766189
3562,-0.983268329
3563,-0.969889958
3564,-0.952683874
3565,-0.931717983
3566,-0.907075026
3567,-0.878852258
3568,-0.847161063
3569,-0.812126509
3570,-0.773886863
3571,-0.73259304
3572,-0.688408006
3573,-0.64150614
3574,-0.592072543
3575,-0.540302306
3576,-0.486399742
3577,-0.430577581
3578,-0.373056127
3579,-0.314062391
3580,-0.253829194
3581,-0.192594249
3582,-0.130599223
3583,-0.068088781
3584,-0.005309624
3585,0.057490488
3586,0.120063711
3587,0.182163097
3588,0.243543569
3589,0.303962886
3590,0.3631826
3591,0.420968998
3592,0.477094024
3593,0.531336178
3594,0.583481391
3595,0.633323869
3596,0.680666907
3597,0.725323664
3598,0.7671179
3599,0.805884672
3600,0.841470985
3601,0.873736397
3602,0.90255357
3603,0.927808777
3604,0.949402346
3605,0.967249058
3606,0.98127848
3607,0.991435244
3608,0.997679266
3609,0.999985904
3610,0.998346054
3611,0.992766189
3612,0.983268329
3613,0.969889958
3614,0.952683874
3615,0.931717983
3616,0.907075026
3617,0.878852258
3618,0.847161063
3619,0.812126509
3620,0.773886863
3621,0.73259304
3622,0.688408006
3623,0.64150614
3624,0.592072543
3625,0.540302306
3626,0.486399742
3627,0.430577581
3628,0.373056127
3629,0.314062391
3630,0.253829194
3631,0.192594249
3632,0.130599223
3633,0.068088781
3634,0.005309624
3635,-0.057490488
3636,-0.120063711
3637,-0.182163097
3638,-0.243543569
3639,-0.303962886
3640,-0.3631826
3641,-0.420968998
3642,-0.477094024
3643,-0.531336178
3644,-0.583481391
3645,-0.633323869
3646,-0.680666907
3647,-0.725323664
3648,-0.7671179
3649,-0.805884672
3650,-0.841470985
3651,-0.873736397
3652,-0.90255357
3653,-0.927808777
3654,-0.949402346
3655,-0.967249058
3656,-0.98127848
3657,-0.991435244
3658,-0.997679266
3659,-0.999985904
3660,-0.998346054
3661,-0.992766189
3662,-0.983268329
3663,-0.969889958
3664,-0.952683874
3665,-0.931717983
3666,-0.907075026
3667,-0.878852258
3668,-0.847161063
3669,-0.812126509
3670,-0.773886863
3671,-0.73259304
3672,-0.688408006
3673,-0.64150614
3674,-0.592072543
3675,-0.540302306
3676,-0.486399742
3677,-0.430577581
3678,-0.373056127
3679,-0.314062391
3680,-0.253829194
3681,-0.192594249
3682,-0.130599223
3683,-0.068088781
3684,-0.005309624
3685,0.057490488
3686,0.120063711
3687,0.182163097
3688,0.243543569
3689,0.303962886
3690,0.3631826
3691,0.420968998
3692,0.477094024
3693,0.531336178
3694,0.583481391
3695,0.633323869
3696,0.680666907
3697,0.725323664
3698,0.7671179
3699,0.805884672
3700,0.841470985
3701,0.873736397
3702,0.90255357
3703,0.927808777
3704,0.949402346
3705,0.967249058
3706,0.98127848
3707,0.991435244
3708,0.997679266
3709,0.999985904
3710,0.998346054
3711,0.992766189
3712,0.983268329
3713,0.969889958
3714,0.952683874
3715,0.931717983
3716,0.907075026
3717,0.878852258
3718,0.847161063
3719,0.812126509
3720,0.773886863
3721,0.73259304
3722,0.688408006
3723,0.64150614
3724,0.592072543
3725,0.540302306
3726,0.486399742
3727,0.430577581
3728,0.373056127
3729,0.314062391
3730,0.253829194
3731,0.192594249
3732,0.130599223
3733,0.068088781
3734,0.005309624
3735,-0.057490488
3736,-0.120063711
3737,-0.182163097
3738,-0.243543569
3739,-0.303962886
3740,-0.3631826
3741,-0.420968998
3742,-0.477094024
3743,-0.531336178
3744,-0.583481391
3745,-0.633323869
3746,-0.680666907
3747,-0.725323664
3748,-0.7671179
3749,-0.805884672
3750,-0.841470985
3751,-0.873736397
3752,-0.90255357
3753,-0.927808777
3754,-0.949402346
3755,-0.967249058
3756,-0.98127848
3757,-0.991435244
3758,-0.997679266
3759,-0.999985904
3760,-0.998346054
3761,-0.992766189
3762,-0.983268329
3763,-0.969889958
3764,-0.952683874
3765,-0.931717983
3766,-0.907075026
3767,-0.878852258
3768,-0.847161063
3769,-0.812126509
3770,-0.773886863
3771,-0.73259304
3772,-0.688408006
3773,-0.64150614
3774,-0.592072543
3775,-0.540302306
3776,-0.486399742
3777,-0.430577581
3778,-0.373056127
3779,-0.314062391
3780,-0.253829194
3781,-0.192594249
3782,-0.130599223
3783,-0.068088781
3784,-0.005309624
3785,0.057490488
3786,0.120063711
3787,0.182163097
3788,0.243543569
3789,0.303962886
3790,0.3631826
3791,0.420968998
3792,0.477094024
3793,0.531336178
3794,0.583481391
3795,0.633323869
3796,0.680666907
3797,0.725323664
3798,0.7671179
3799,0.805884672
3800,0.841470985
3801,0.873736397
3802,0.90255357
3803,0.927808777
3804,0.949402346
3805,0.967249058
3806,0.98127848
3807,0.991435244
3808,0.997679266
3809,0.999985904
3810,0.998346054
3811,0.992766189
3812,0.983268329
3813,0.969889958
3814,0.952683874
3815,0.931717983
3816,0.907075026
3817,0.878852258
3818,0.847161063
3819,0.812126509
3820,0.773886863
3821,0.73259304
3822,0.688408006
3823,0.64150614
3824,0.592072543
3825,0.540302306
3826,0.486399742
3827,0.430577581
3828,0.373056127
3829,0.314062391
3830,0.253829194
3831,0.192594249
3832,0.130599223
3833,0.068088781
3834,0.005309624
3835,-0.057490488
3836,-0.120063711
3837,-0.182163097
3838,-0.243543569
3839,-0.303962886
3840,-0.3631826
3841,-0.420968998
3842,-0.477094024
3843,-0.531336178
3844,-0.583481391
3845,-0.633323869
3846,-0.680666907
3847,-0.725323664
3848,-0.7671179
3849,-0.805884672
3850,-0.841470985
3851,-0.873736397
3852,-0.90255357
3853,-0.927808777
3854,-0.949402346
3855,-0.967249058
3856,-0.98127848
3857,-0.991435244
3858,-0.997679266
3859,-0.999985904
3860,-0.998346054
3861,-0.992766189
3862,-0.983268329
3863,-0.969889958
3864,-0.952683874
3865,-0.931717983
3866,-0.907075026
3867,-0.878852258
3868,-0.847161063
3869,-0.812126509
3870,-0.773886863
3871,-0.73259304
3872,-0.688408006
3873,-0.64150614
3874,-0.592072543
3875,-0.540302306
3876,-0.486399742
3877,-0.430577581
3878,-0.373056127
3879,-0.314062391
3880,-0.253829194
3881,-0.192594249
3882,-0.130599223
3883,-0.068088781
3884,-0.005309624
3885,0.057490488
3886,0.120063711
3887,0.182163097
3888,0.243543569
3889,0.303962886
3890,0.3631826
3891,0.420968998
3892,0.477094024
3893,0.531336178
3894,0.583481391
3895,0.633323869
3896,0.680666907
3897,0.725323664
3898,0.7671179
3899,0.805884672
3900,0.841470985
3901,0.873736397
3902,0.90255357
3903,0.927808777
3904,0.949402346
3905,0.967249058
3906,0.98127848
3907,0.991435244
3908,0.997679266
3909,0.999985904
3910,0.998346054
3911,0.992766189
3912,0.983268329
3913,0.969889958
3914,0.952683874
3915,0.931717983
3916,0.907075026
3917,0.878852258
3918,0.847161063
3919,0.812126509
3920,0.773886863
3921,0.73259304
3922,0.688408006
3923,0.64150614
3924,0.592072543
3925,0.540302306
3926,0.486399742
3927,0.430577581
3928,0.373056127
3929,0.314062391
3930,0.253829194
3931,0.192594249
3932,0.130599223
3933,0.068088781
3934,0.005309624
3935,-0.057490488
3936,-0.120063711
3937,-0.182163097
3938,-0.243543569
3939,-0.303962886
3940,-0.3631826
3941,-0.420968998
3942,-0.477094024
3943,-0.531336178
3944,-0.583481391
3945,-0.633323869
3946,-0.680666907
3947,-0.725323664
3948,-0.7671179
3949,-0.805884672
3950,-0.841470985
3951,-0.873736397
3952,-0.90255357
3953,-0.927808777
3954,-0.949402346
3955,-0.967249058
3956,-0.98127848
3957,-0.991435244
3958,-0.997679266
3959,-0.999985904
3960,-0.998346054
3961,-0.992766189
3962,-0.983268329
3963,-0.969889958
3964,-0.952683874
3965,-0.931717983
3966,-0.907075026
3967,-0.878852258
3968,-0.847161063
3969,-0.812126509
3970,-0.773886863
3971,-0.73259304
3972,-0.688408006
3973,-0.64150614
3974,-0.592072543
3975,-0.540302306
3976,-0.486399742
3977,-0.430577581
3978,-0.373056127
3979,-0.314062391
3980,-0.253829194
3981,-0.192594249
3982,-0.130599223
3983,-0.068088781
3984,-0.005309624
3985,0.057490488
3986,0.120063711
3987,0.182163097
3988,0.243543569
3989,0.303962886
3990,0.3631826
3991,0.420968998
3992,0.477094024
3993,0.531336178
3994,0.583481391
3995,0.633323869
3996,0.680666907
3997,0.725323664
3998,0.7671179
3999,0.805884672
4000,0.841470985
4001,0.873736397
4002,0.90255357
4003,0.927808777
4004,0.949402346
4005,0.967249058
4006,0.98127848
4007,0.991435244
4008,0.997679266
4009,0.999985904
4010,0.998346054
4011,0.992766189
4012,0.983268329
4013,0.969889958
4014,0.952683874
4015,0.931717983
4016,0.907075026
4017,0.878852258
4018,0.847161063
4019,0.812126509
4020,0.773886863
4021,0.73259304
4022,0.688408006
4023,0.64150614
4024,0.592072543
4025,0.540302306
4026,0.486399742
4027,0.430577581
4028,0.373056127
4029,0.314062391
4030,0.253829194
4031,0.192594249
4032,0.130599223
4033,0.068088781
4034,0.005309624
4035,-0.057490488
4036,-0.120063711
4037,-0.182163097
4038,-0.243543569
4039,-0.303962886
4040,-0.3631826
4041,-0.420968998
4042,-0.477094024
4043,-0.531336178
4044,-0.583481391
4045,-0.633323869
4046,-0.680666907
4047,-0.725323664
4048,-0.7671179
4049,-0.805884672
4050,-0.841470985
4051,-0.873736397
4052,-0.90255357
4053,-0.927808777
4054,-0.949402346
4055,-0.967249058
4056,-0.98127848
4057,-0.991435244
4058,-0.997679266
4059,-0.999985904
4060,-0.998346054
4061,-0.992766189
4062,-0.983268329
4063,-0.969889958
4064,-0.952683874
4065,-0.931717983
4066,-0.907075026
4067,-0.878852258
4068,-0.847161063
4069,-0.812126509
4070,-0.773886863
4071,-0.73259304
4072,-0.688408006
4073,-0.64150614
4074,-0.592072543
4075,-0.540302306
4076,-0.486399742
4077,-0.430577581
4078,-0.373056127
4079,-0.314062391
4080,-0.253829194
4081,-0.192594249
4082,-0.130599223
4083,-0.068088781
4084,-0.005309624
4085,0.057490488
4086,0.120063711
4087,0.182163097
4088,0.243543569
4089,0.303962886
4090,0.3631826
4091,0.420968998
4092,0.477094024
4093,0.531336178
4094,0.583481391
4095,0.633323869
4096,0.680666907
4097,0.725323664
4098,0.7671179
4099,0.805884672
4100,0.841470985
4101,0.873736397
4102,0.90255357
4103,0.927808777
4104,0.949402346
4105,0.967249058
4106,0.98127848
4107,0.991435244
4108,0.997679266
4109,0.999985904
4110,0.998346054
4111,0.992766189
4112,0.983268329
4113,0.969889958
4114,0.952683874
4115,0.931717983
4116,0.907075026
4117,0.878852258
4118,0.847161063
4119,0.812126509
4120,0.773886863
4121,0.73259304
4122,0.688408006
4123,0.64150614
4124,0.592072543
4125,0.540302306
4126,0.486399742
4127,0.430577581
4128,0.373056127
4129,0.314062391
4130,0.253829194
4131,0.192594249
4132,0.130599223
4133,0.068088781
4134,0.005309624
4135,-0.057490488
4136,-0.120063711
4137,-0.182163097
4138,-0.243543569
4139,-0.303962886
4140,-0.3631826
4141,-0.420968998
4142,-0.477094024
4143,-0.531336178
4144,-0.583481391
4145,-0.633323869
4146,-0.680666907
4147,-0.725323664
4148,-0.7671179
4149,-0.805884672
4150,-0.841470985
4151,-0.873736397
4152,-0.90255357
4153,-0.927808777
4154,-0.949402346
4155,-0.967249058
4156,-0.98127848
4157,-0.991435244
4158,-0.997679266
4159,-0.999985904
4160,-0.998346054
4161,-0.992766189
4162,-0.983268329
4163,-0.969889958
4164,-0.952683874
4165,-0.931717983
4166,-0.907075026
4167,-0.878852258
4168,-0.847161063
4169,-0.812126509
4170,-0.773886863
4171,-0.73259304
4172,-0.688408006
4173,-0.64150614
4174,-0.592072543
4175,-0.540302306
4176,-0.486399742
4177,-0.430577581
4178,-0.373056127
4179,-0.314062391
4180,-0.253829194
4181,-0.192594249
4182,-0.130599223
4183,-0.068088781
4184,-0.005309624
4185,0.057490488
4186,0.120063711
4187,0.182163097
4188,0.243543569
4189,0.303962886
4190,0.3631826
4191,0.420968998
4192,0.477094024
4193,0.531336178
4194,0.583481391
4195,0.633323869
4196,0.680666907
4197,0.725323664
4198,0.7671179
4199,0.805884672
4200,0.841470985
4201,0.873736397
4202,0.90255357
4203,0.927808777
4204,0.949402346
4205,0.967249058
4206,0.98127848
4207,0.991435244
4208,0.997679266
4209,0.999985904
4210,0.998346054
4211,0.992766189
4212,0.983268329
4213,0.969889958
4214,0.952683874
4215,0.931717983
4216,0.907075026
4217,0.878852258
4218,0.847161063
4219,0.812126509
4220,0.773886863
4221,0.73259304
4222,0.688408006
4223,0.64150614
4224,0.592072543
4225,0.540302306
4226,0.486399742
4227,0.430577581
4228,0.373056127
4229,0.314062391
4230,0.253829194
4231,0.192594249
4232,0.130599223
4233,0.068088781
4234,0.005309624
4235,-0.057490488
4236,-0.120063711
4237,-0.182163097
4238,-0.243543569
4239,-0.303962886
4240,-0.3631826
4241,-0.420968998
4242,-0.477094024
4243,-0.531336178
4244,-0.583481391
4245,-0.633323869
4246,-0.680666907
4247,-0.725323664
4248,-0.7671179
4249,-0.805884672
4250,-0.841470985
4251,-0.873736397
4252,-0.90255357
4253,-0.927808777
4254,-0.949402346
4255,-0.967249058
4256,-0.98127848
4257,-0.991435244
4258,-0.997679266
4259,-0.999985904
4260,-0.998346054
4261,-0.992766189
4262,-0.983268329
4263,-0.969889958
4264,-0.952683874
4265,-0.931717983
4266,-0.907075026
4267,-0.878852258
4268,-0.847161063
4269,-0.812126509
4270,-0.773886863
4271,-0.73259304
4272,-0.688408006
4273,-0.64150614
4274,-0.592072543
4275,-0.540302306
4276,-0.486399742
4277,-0.430577581
4278,-0.373056127
4279,-0.314062391
4280,-0.253829194
4281,-0.192594249
4282,-0.130599223
4283,-0.068088781
4284,-0.005309624
4285,0.057490488
4286,0.120063711
4287,0.182163097
4288,0.243543569
4289,0.303962886
4290,0.3631826
4291,0.420968998
4292,0.477094024
4293,0.531336178
4294,0.583481391
4295,0.633323869
4296,0.680666907
4297,0.725323664
4298,0.7671179
4299,0.805884672
4300,0.841470985
4301,0.873736397
4302,0.90255357
4303,0.927808777
4304,0.949402346
4305,0.967249058
4306,0.98127848
4307,0.991435244
4308,0.997679266
4309,0.999985904
4310,0.998346054
4311,0.992766189
4312,0.983268329
4313,0.969889958
4314,0.952683874
4315,0.931717983
4316,0.907075026
4317,0.878852258
4318,0.847161063
4319,0.812126509
4320,0.773886863
4321,0.73259304
4322,0.688408006
4323,0.64150614
4324,0.592072543
4325,0.540302306
4326,0.486399742
4327,0.430577581
4328,0.373056127
4329,0.314062391
4330,0.253829194
4331,0.192594249
4332,0.130599223
4333,0.068088781
4334,0.005309624
4335,-0.057490488
4336,-0.120063711
4337,-0.182163097
4338,-0.243543569
4339,-0.303962886
4340,-0.3631826
4341,-0.420968998
4342,-0.477094024
4343,-0.531336178
4344,-0.583481391
4345,-0.633323869
4346,-0.680666907
4347,-0.725323664
4348,-0.7671179
4349,-0.805884672
4350,-0.841470985
4351,-0.873736397
4352,-0.90255357
4353,-0.927808777
4354,-0.949402346
4355,-0.967249058
4356,-0.98127848
4357,-0.991435244
4358,-0.997679266
4359,-0.999985904
4360,-0.998346054
4361,-0.992766189
4362,-0.983268329
4363,-0.969889958
4364,-0.952683874
4365,-0.931717983
4366,-0.907075026
4367,-0.878852258
4368,-0.847161063
4369,-0.812126509
4370,-0.773886863
4371,-0.73259304
4372,-0.688408006
4373,-0.64150614
4374,-0.592072543
4375,-0.540302306
4376,-0.486399742
4377,-0.430577581
4378,-0.373056127
4379,-0.314062391
4380,-0.253829194
4381,-0.192594249
4382,-0.130599223
4383,-0.068088781
4384,-0.005309624
4385,0.057490488
4386,0.120063711
4387,0.182163097
4388,0.243543569
4389,0.303962886
4390,0.3631826
4391,0.420968998
4392,0.477094024
4393,0.531336178
4394,0.583481391
4395,0.633323869
4396,0.680666907
4397,0.725323664
4398,0.7671179
4399,0.805884672
4400,0.841470985
4401,0.873736397
4402,0.90255357
4403,0.927808777
4404,0.949402346
4405,0.967249058
4406,0.98127848
4407,0.991435244
4408,0.997679266
4409,0.999985904
4410,0.998346054
4411,0.992766189
4412,0.983268329
4413,0.969889958
4414,0.952683874
4415,0.931717983
4416,0.907075026
4417,0.878852258
4418,0.847161063
4419,0.812126509
4420,0.773886863
4421,0.73259304
4422,0.688408006
4423,0.64150614
4424,0.592072543
4425,0.540302306
4426,0.486399742
4427,0.430577581
4428,0.373056127
4429,0.314062391
4430,0.253829194
4431,0.192594249
4432,0.130599223
4433,0.068088781
4434,0.005309624
4435,-0.057490488
4436,-0.120063711
4437,-0.182163097
4438,-0.243543569
4439,-0.303962886
4440,-0.3631826
4441,-0.420968998
4442,-0.477094024
4443,-0.531336178
4444,-0.583481391
4445,-0.633323869
4446,-0.680666907
4447,-0.725323664
4448,-0.7671179
4449,-0.805884672
4450,-0.841470985
4451,-0.873736397
4452,-0.90255357
4453,-0.927808777
4454,-0.949402346
4455,-0.967249058
4456,-0.98127848
4457,-0.991435244
4458,-0.997679266
4459,-0.999985904
4460,-0.998346054
4461,-0.992766189
4462,-0.983268329
4463,-0.969889958
4464,-0.952683874
4465,-0.931717983
4466,-0.907075026
4467,-0.878852258
4468,-0.847161063
4469,-0.812126509
4470,-0.773886863
4471,-0.73259304
4472,-0.688408006
4473,-0.64150614
4474,-0.592072543
4475,-0.540302306
4476,-0.486399742
4477,-0.430577581
4478,-0.373056127
4479,-0.314062391
4480,-0.253829194
4481,-0.192594249
4482,-0.130599223
4483,-0.068088781
4484,-0.005309624
4485,0.057490488
4486,0.120063711
4487,0.182163097
4488,0.243543569
4489,0.303962886
4490,0.3631826
4491,0.420968998
4492,0.477094024
4493,0.531336178
4494,0.583481391
4495,0.633323869
4496,0.680666907
4497,0.725323664
4498,0.7671179
4499,0.805884672
4500,0.841470985
4501,0.873736397
4502,0.90255357
4503,0.927808777
4504,0.949402346
4505,0.967249058
4506,0.98127848
4507,0.991435244
4508,0.997679266
4509,0.999985904
4510,0.998346054
4511,0.992766189
4512,0.983268329
4513,0.969889958
4514,0.952683874
4515,0.931717983
4516,0.907075026
4517,0.878852258
4518,0.847161063
4519,0.812126509
4520,0.773886863
4521,0.73259304
4522,0.688408006
4523,0.64150614
4524,0.592072543
4525,0.540302306
4526,0.486399742
4527,0.430577581
4528,0.373056127
4529,0.314062391
4530,0.253829194
4531,0.192594249
4532,0.130599223
4533,0.068088781
4534,0.005309624
4535,-0.057490488
4536,-0.120063711
4537,-0.182163097
4538,-0.243543569
4539,-0.303962886
4540,-0.3631826
4541,-0.420968998
4542,-0.477094024
4543,-0.531336178
4544,-0.583481391
4545,-0.633323869
4546,-0.680666907
4547,-0.725323664
4548,-0.7671179
4549,-0.805884672
4550,-0.841470985
4551,-0.873736397
4552,-0.90255357
4553,-0.927808777
4554,-0.949402346
4555,-0.967249058
4556,-0.98127848
4557,-0.991435244
4558,-0.997679266
4559,-0.999985904
4560,-0.998346054
4561,-0.992766189
4562,-0.983268329
4563,-0.969889958
4564,-0.952683874
4565,-0.931717983
4566,-0.907075026
4567,-0.878852258
4568,-0.847161063
4569,-0.812126509
4570,-0.773886863
4571,-0.73259304
4572,-0.688408006
4573,-0.64150614
4574,-0.592072543
4575,-0.540302306
4576,-0.486399742
4577,-0.430577581
4578,-0.373056127
4579,-0.314062391
4580,-0.253829194
4581,-0.192594249
4582,-0.130599223
4583,-0.068088781
4584,-0.005309624
4585,0.057490488
4586,0.120063711
4587,0.182163097
4588,0.243543569
4589,0.303962886
4590,0.3631826
4591,0.420968998
4592,0.477094024
4593,0.531336178
4594,0.583481391
4595,0.633323869
4596,0.680666907
4597,0.725323664
4598,0.7671179
4599,0.805884672
4600,0.841470985
4601,0.873736397
4602,0.90255357
4603,0.927808777
4604,0.949402346
4605,0.967249058
4606,0.98127848
4607,0.991435244
4608,0.997679266
4609,0.999985904
4610,0.998346054
4611,0.992766189
4612,0.983268329
4613,0.969889958
4614,0.952683874
4615,0.931717983
4616,0.907075026
4617,0.878852258
4618,0.847161063
4619,0.812126509
4620,0.773886863
4621,0.73259304
4622,0.688408006
4623,0.64150614
4624,0.592072543
4625,0.540302306
4626,0.486399742
4627,0.430577581
4628,0.373056127
4629,0.314062391
4630,0.253829194
4631,0.192594249
4632,0.130599223
4633,0.068088781
4634,0.005309624
4635,-0.057490488
4636,-0.120063711
4637,-0.182163097
4638,-0.243543569
4639,-0.303962886
4640,-0.3631826
4641,-0.420968998
4642,-0.477094024
4643,-0.531336178
4644,-0.583481391
4645,-0.633323869
4646,-0.680666907
4647,-0.725323664
4648,-0.7671179
4649,-0.805884672
4650,-0.841470985
4651,-0.873736397
4652,-0.90255357
4653,-0.927808777
4654,-0.949402346
4655,-0.967249058
4656,-0.98127848
4657,-0.991435244
4658,-0.997679266
4659,-0.999985904
4660,-0.998346054
4661,-0.992766189
4662,-0.983268329
4663,-0.969889958
4664,-0.952683874
4665,-0.931717983
4666,-0.907075026
4667,-0.878852258
4668,-0.847161063
4669,-0.812126509
4670,-0.773886863
4671,-0.73259304
4672,-0.688408006
4673,-0.64150614
4674,-0.592072543
4675,-0.540302306
4676,-0.486399742
4677,-0.430577581
4678,-0.373056127
4679,-0.314062391
4680,-0.253829194
4681,-0.192594249
4682,-0.130599223
4683,-0.068088781
4684,-0.005309624
4685,0.057490488
4686,0.120063711
4687,0.182163097
4688,0.243543569
4689,0.303962886
4690,0.3631826
4691,0.420968998
4692,0.477094024
4693,0.531336178
4694,0.583481391
4695,0.633323869
4696,0.680666907
4697,0.725323664
4698,0.7671179
4699,0.805884672
4700,0.841470985
4701,0.873736397
4702,0.90255357
4703,0.927808777
4704,0.949402346
4705,0.967249058
4706,0.98127848
4707,0.991435244
4708,0.997679266
4709,0.999985904
4710,0.998346054
4711,0.992766189
4712,0.983268329
4713,0.969889958
4714,0.952683874
4715,0.931717983
4716,0.907075026
4717,0.878852258
4718,0.847161063
4719,0.812126509
4720,0.773886863
4721,0.73259304
4722,0.688408006
4723,0.64150614
4724,0.592072543
4725,0.540302306
4726,0.486399742
4727,0.430577581
4728,0.373056127
4729,0.314062391
4730,0.253829194
4731,0.192594249
4732,0.130599223
4733,0.068088781
4734,0.005309624
4735,-0.057490488
4736,-0.120063711
4737,-0.182163097
4738,-0.243543569
4739,-0.303962886
4740,-0.3631826
4741,-0.420968998
4742,-0.477094024
4743,-0.531336178
4744,-0.583481391
4745,-0.633323869
4746,-0.680666907
4747,-0.725323664
4748,-0.7671179
4749,-0.805884672
4750,-0.841470985
4751,-0.873736397
4752,-0.90255357
4753,-0.927808777
4754,-0.949402346
4755,-0.967249058
4756,-0.98127848
4757,-0.991435244
4758,-0.997679266
4759,-0.999985904
4760,-0.998346054
4761,-0.992766189
4762,-0.983268329
4763,-0.969889958
4764,-0.952683874
4765,-0.931717983
4766,-0.907075026
4767,-0.878852258
4768,-0.847161063
4769,-0.812126509
4770,-0.773886863
4771,-0.73259304
4772,-0.688408006
4773,-0.64150614
4774,-0.592072543
4775,-0.540302306
4776,-0.486399742
4777,-0.430577581
4778,-0.373056127
4779,-0.314062391
4780,-0.253829194
4781,-0.192594249
4782,-0.130599223
4783,-0.068088781
4784,-0.005309624
4785,0.057490488
4786,0.120063711
4787,0.182163097
4788,0.243543569
4789,0.303962886
4790,0.3631826
4791,0.420968998
4792,0.477094024
4793,0.531336178
4794,0.583481391
4795,0.633323869
4796,0.680666907
4797,0.725323664
4798,0.7671179
4799,0.805884672
4800,0.841470985
4801,0.873736397
4802,0.90255357
4803,0.927808777
4804,0.949402346
4805,0.967249058
4806,0.98127848
4807,0.991435244
4808,0.997679266
4809,0.999985904
4810,0.998346054
4811,0.992766189
4812,0.983268329
4813,0.969889958
4814,0.952683874
4815,0.931717983
4816,0.907075026
4817,0.878852258
4818,0.847161063
4819,0.812126509
4820,0.773886863
4821,0.73259304
4822,0.688408006
4823,0.64150614
4824,0.592072543
4825,0.540302306
4826,0.486399742
4827,0.430577581
4828,0.373056127
4829,0.314062391
4830,0.253829194
4831,0.192594249
4832,0.130599223
4833,0.068088781
4834,0.005309624
4835,-0.057490488
4836,-0.120063711
4837,-0.182163097
4838,-0.243543569
4839,-0.303962886
4840,-0.3631826
4841,-0.420968998
4842,-0.477094024
4843,-0.531336178
4844,-0.583481391
4845,-0.633323869
4846,-0.680666907
4847,-0.725323664
4848,-0.7671179
4849,-0.805884672
4850,-0.841470985
4851,-0.873736397
4852,-0.90255357
4853,-0.927808777
4854,-0.949402346
4855,-0.967249058
4856,-0.98127848
4857,-0.991435244
4858,-0.997679266
4859,-0.999985904
4860,-0.998346054
4861,-0.992766189
4862,-0.983268329
4863,-0.969889958
4864,-0.952683874
4865,-0.931717983
4866,-0.907075026
4867,-0.878852258
4868,-0.847161063
4869,-0.812126509
4870,-0.773886863
4871,-0.73259304
4872,-0.688408006
4873,-0.64150614
4874,-0.592072543
4875,-0.540302306
4876,-0.486399742
4877,-0.430577581
4878,-0.373056127
4879,-0.314062391
4880,-0.253829194
4881,-0.192594249
4882,-0.130599223
4883,-0.068088781
4884,-0.005309624
4885,0.057490488
4886,0.120063711
4887,0.182163097
4888,0.243543569
4889,0.303962886
4890,0.3631826
4891,0.420968998
4892,0.477094024
4893,0.531336178
4894,0.583481391
4895,0.633323869
4896,0.680666907
4897,0.725323664
4898,0.7671179
4899,0.805884672
4900,0.841470985
4901,0.873736397
4902,0.90255357
4903,0.927808777
4904,0.949402346
4905,0.967249058
4906,0.98127848
4907,0.991435244
4908,0.997679266
4909,0.999985904
4910,0.998346054
4911,0.992766189
4912,0.983268329
4913,0.969889958
4914,0.952683874
4915,0.931717983
4916,0.907075026
4917,0.878852258
4918,0.847161063
4919,0.812126509
4920,0.773886863
4921,0.73259304
4922,0.688408006
4923,0.64150614
4924,0.592072543
4925,0.540302306
4926,0.486399742
4927,0.430577581
4928,0.373056127
4929,0.314062391
4930,0.253829194
4931,0.192594249
4932,0.130599223
4933,0.068088781
4934,0.005309624
4935,-0.057490488
4936,-0.120063711
4937,-0.182163097
4938,-0.243543569
4939,-0.303962886
4940,-0.3631826
4941,-0.420968998
4942,-0.477094024
4943,-0.531336178
4944,-0.583481391
4945,-0.633323869
4946,-0.680666907
4947,-0.725323664
4948,-0.7671179
4949,-0.805884672
4950,-0.841470985
4951,-0.873736397
4952,-0.90255357
4953,-0.927808777
4954,-0.949402346
4955,-0.967249058
4956,-0.98127848
4957,-0.991435244
4958,-0.997679266
4959,-0.999985904
4960,-0.998346054
4961,-0.992766189
4962,-0.983268329
4963,-0.969889958
4964,-0.952683874
4965,-0.931717983
4966,-0.907075026
4967,-0.878852258
4968,-0.847161063
4969,-0.812126509
4970,-0.773886863
4971,-0.73259304
4972,-0.688408006
4973,-0.64150614
4974,-0.592072543
4975,-0.540302306
4976,-0.486399742
4977,-0.430577581
4978,-0.373056127
4979,-0.314062391
4980,-0.253829194
4981,-0.192594249
4982,-0.130599223
4983,-0.068088781
4984,-0.005309624
4985,0.057490488
4986,0.120063711
4987,0.182163097
4988,0.243543569
4989,0.303962886
4990,0.3631826
4991,0.420968998
4992,0.477094024
4993,0.531336178
4994,0.583481391
4995,0.633323869
4996,0.680666907
4997,0.725323664
4998,0.7671179
4999,0.805884672
5000,0.841470985
